Contest Title,Party,Candidate,ABSENTEE,ARGO TOWN HALL,ASHVILLE CITY HALL,BRANCHVILLE CUMBERLAND,CEDAR GROVE BAPTIST CH,CELEBRATIONS,CHANDLER MT_ COMM_ CTR_,COOK SPRGS VFD,CROPWELL BAPTIST CH,FAIRVIEW CH,FRIENDSHIP BAPTIST CH,GALLANT VFD,GUM SPRGS CH,MOODY CIVIC CTR_,NEW HOPE BAPTIST CH,NEW LONDON VFD,NORTH VALLEY CH,ODENVILLE CIVIC CTR_,PELL CITY COMM_ CTR_,PINEDALE VFD,POPLAR SPRGS CH,PRESCOTT BAPTIST CH,PROVISIONAL,RAGLAND TOWN HALL,RIVERSIDE TOWN HALL,SHOAL CREEK COMM_ CTR_,SLATE UNION CH,SPRINGVILLE 1ST UNITED,STEELE COMM_ CTR_,WATTSVILLE VFD,WHITES CHAPEL TOWN HALL,WOLF CREEK VFD
REGISTERED VOTERS - TOTAL                               ,   ,Registered Voters - Total             ,0,0,0,0,0,0,0,0,0,0,0,0,0,0,0,0,0,0,0,0,0,0,0,0,0,0,0,0,0,0,0,0
BALLOTS CAST - TOTAL                                    ,   ,Ballots Cast - Total                  ,5060,2766,1057,1736,1134,1485,179,909,2982,172,1287,154,478,4822,804,932,2192,1841,2323,640,452,821,92,869,1128,483,551,4372,635,965,797,433
BALLOTS CAST - BLANK                                    ,   ,Ballots Cast - Blank                  ,0,0,0,0,0,0,0,0,0,0,0,0,0,1,0,0,0,0,0,0,0,0,0,0,0,0,0,0,0,0,0,0
MEMBER ST. CLAIR COUNTY BOARD OF EDUCATION ODENVILLE    ,REP,Allison G. Gray                       ,2241,1732,771,1564,160,991,164,830,192,160,1166,136,427,3927,367,780,1702,1674,662,586,399,737,41,704,947,435,506,3929,559,891,647,400
MEMBER ST. CLAIR COUNTY BOARD OF EDUCATION ODENVILLE    ,NON,Write-In                              ,31,10,9,8,2,7,0,2,1,0,7,0,1,46,2,6,36,11,6,3,2,4,0,3,6,3,3,18,1,4,10,0
MEMBER ST. CLAIR COUNTY BOARD OF EDUCATION ODENVILLE    ,   ,Over Votes                            ,0,0,0,0,0,0,0,0,0,0,0,0,0,2,0,0,0,0,0,0,0,0,0,0,0,0,0,0,0,0,0,0
MEMBER ST. CLAIR COUNTY BOARD OF EDUCATION ODENVILLE    ,   ,Under Votes                           ,1191,225,277,164,18,111,15,77,40,12,114,18,50,719,49,146,454,156,61,51,51,59,31,162,175,45,42,425,75,70,99,33
MEMBER ST. CLAIR COUNTY BD OF EDUCATION STEELE ASHVILLE ,REP,Randy Thompson                        ,2214,1698,783,1523,156,981,163,814,189,156,1152,134,417,3890,368,766,1661,1658,655,576,396,725,41,696,930,430,502,3911,547,878,638,395
MEMBER ST. CLAIR COUNTY BD OF EDUCATION STEELE ASHVILLE ,NON,Write-In                              ,28,8,17,9,2,3,0,1,1,0,4,2,1,45,2,5,38,6,6,3,3,6,0,2,8,3,9,14,6,4,10,0
MEMBER ST. CLAIR COUNTY BD OF EDUCATION STEELE ASHVILLE ,   ,Over Votes                            ,0,2,0,0,0,3,1,0,0,0,1,0,0,4,1,1,2,0,1,0,0,1,0,0,0,0,0,0,0,1,0,0
MEMBER ST. CLAIR COUNTY BD OF EDUCATION STEELE ASHVILLE ,   ,Under Votes                           ,1220,259,257,204,22,122,15,94,43,16,130,18,60,755,47,160,491,177,67,61,53,68,31,171,190,50,40,447,82,82,108,38
MEMBER ST. CLAIR COUNTY BOARD OF EDUCATION MOODY        ,REP,Scott Suttle                          ,2211,1699,761,1528,154,984,163,815,190,155,1146,135,416,3914,368,767,1664,1654,653,576,395,728,39,692,934,429,503,3904,545,877,636,394
MEMBER ST. CLAIR COUNTY BOARD OF EDUCATION MOODY        ,NON,Write-In                              ,28,9,10,8,3,3,0,1,1,0,5,0,1,51,2,5,37,7,6,2,1,8,0,3,6,4,3,15,2,4,11,0
MEMBER ST. CLAIR COUNTY BOARD OF EDUCATION MOODY        ,   ,Over Votes                            ,0,0,0,0,0,0,0,0,0,0,1,0,0,0,0,0,0,0,0,0,0,0,0,0,0,0,0,0,0,0,1,0
MEMBER ST. CLAIR COUNTY BOARD OF EDUCATION MOODY        ,   ,Under Votes                           ,1223,259,286,200,23,122,16,93,42,17,135,19,61,729,48,160,491,180,70,62,56,64,33,174,188,50,45,453,88,84,108,39
