Contest Title,Party,Candidate,ABERNANT BAPTIST,ABSENTEE,ALBERTA BAPTIST,BELK ACTIVITY CENTER,BIG SANDY BAPTIST,BOBBY MILLER ACTIVITY,BUHL VFD STATION,CARROLLS CREEK BAPTIST,CHAPEL HILL BAPTIST,CHURCH OF THE HIGHLANDS,COALING TOWN HALL,COKER FIRE DEPT,COMMUNITY CHURCH COTTONDALE,CORNERSTONE BAPTIST,COTTONDALE METHODIST,COUNTY ROAD CAMP #3,DUNCANVILLE MIDDLE SCHOOL,ECHOLA FIRE DEPT,ELROD VFD STATION,FLATWOODS BAPTIST,FOREST LAKE METHODIST,FOSTERS FIRE DEPT,G G HARDIN COMM CTR,HAGLER COMMUNITY CTR,HOLT ELEMENTARY,KELLERMAN ANTIOCH BAPTIST,LAKEVIEW BAPTIST,MARY PHELPS CENTER,MAYFIELD FIRE,MCABEE CENTER,MCDONALD HUGHES COMM CTR,MONTGOMERY FIRE,MOUNT OLIVE BAPTIST,MOUNT PILGRIM BAPTIST,NEW LIFE BAPTIST,NEW ZION MISSIONARY CH,NORTHPORT CITY HALL,NORTHPORT COMM CTR,NORTHSIDE LIONS CLUB,PETERSON COMMUNITY CH,PROVISIONAL,RALPH FIRE DEPT,ROMULUS FIRE DEPT,SHERIFF'S FIRING RANGE,STATION 2 CARROLLS CREEK,STILLMAN COLL HAYS CTR,TANNEHILL VALLEY BAPTIST,TUSCALOOSA C_H_ ANNEX,U OF A STUDENT REC CTR,UNITY BAPTIST,UNIVERSITY MALL,VANCE TOWN HALL,VESTAVIA HILLS ELEMENTARY,WHITSON CHURCH OF CHRIST,WINDHAM SPRINGS BAPTIST,YELLOW CREEK BAPTIST
REGISTERED VOTERS - TOTAL                               ,   ,Registered Voters - Total             ,1357.0,0,5348.0,8100.0,4081.0,9753.0,612.0,4302.0,3189.0,5832.0,2450.0,1027.0,2389.0,2459.0,1700.0,804.0,2925.0,405.0,432.0,3113.0,1376.0,1541.0,2022.0,329.0,2847.0,275.0,3551.0,5357.0,137.0,3187.0,3583.0,1189.0,1664.0,4740.0,3762.0,1541.0,4826.0,3157.0,1212.0,1102.0,0,826.0,467.0,406.0,1376.0,5164.0,2356.0,2884.0,6497.0,640.0,3197.0,1980.0,3816.0,50.0,276.0,834.0
BALLOTS CAST - TOTAL                                    ,   ,Ballots Cast - Total                  ,619.0,1791,2336.0,3815.0,2292.0,4834.0,310.0,2370.0,1780.0,3416.0,1244.0,585.0,1229.0,887.0,870.0,470.0,1438.0,238.0,203.0,1747.0,480.0,862.0,854.0,201.0,1221.0,142.0,1846.0,3218.0,87.0,1630.0,1716.0,621.0,956.0,1921.0,1770.0,686.0,2763.0,1528.0,605.0,492.0,91,503.0,255.0,195.0,868.0,2241.0,1420.0,811.0,1188.0,361.0,1479.0,964.0,1892.0,25.0,157.0,463.0
"MEMBER, TUSCALOOSA COUNTY BOARD OF EDUCATION,           ",DEM,Portia L. Jones                       ,,35,8.0,95.0,,,,,,,,0.0,43.0,4.0,,,57.0,,,288.0,,,,,775.0,,,,,178.0,93.0,,,34.0,204.0,473.0,,679.0,,,2,,,,,1.0,,,,55.0,,,,,,
"MEMBER, TUSCALOOSA COUNTY BOARD OF EDUCATION,           ",NON,Write-In                              ,,5,1.0,5.0,,,,,,,,0.0,1.0,0.0,,,1.0,,,27.0,,,,,21.0,,,,,3.0,1.0,,,0.0,3.0,4.0,,20.0,,,0,,,,,0.0,,,,0.0,,,,,,
"MEMBER, TUSCALOOSA COUNTY BOARD OF EDUCATION,           ",   ,Over Votes                            ,,0,0.0,0.0,,,,,,,,0.0,0.0,0.0,,,0.0,,,1.0,,,,,0.0,,,,,0.0,0.0,,,0.0,0.0,0.0,,1.0,,,0,,,,,0.0,,,,0.0,,,,,,
"MEMBER, TUSCALOOSA COUNTY BOARD OF EDUCATION,           ",   ,Under Votes                           ,,36,4.0,35.0,,,,,,,,0.0,31.0,4.0,,,19.0,,,326.0,,,,,203.0,,,,,23.0,7.0,,,5.0,27.0,62.0,,441.0,,,1,,,,,3.0,,,,3.0,,,,,,
"MEMBER, TUSCALOOSA COUNTY BOARD OF EDUCATION,           ",DEM,Schmitt Moore                         ,,47,,,,,,42.0,383.0,,,,,,,74.0,,,,,,,,,,,,,,,,49.0,,,,,964.0,,82.0,,1,,,14.0,,,,,,,,,,,,
"MEMBER, TUSCALOOSA COUNTY BOARD OF EDUCATION,           ",REP,Joe Calvin                            ,,80,,,,,,185.0,1228.0,,,,,,,237.0,,,,,,,,,,,,,,,,348.0,,,,,1734.0,,511.0,,6,,,166.0,,,,,,,,,,,,
"MEMBER, TUSCALOOSA COUNTY BOARD OF EDUCATION,           ",NON,Write-In                              ,,0,,,,,,0.0,3.0,,,,,,,0.0,,,,,,,,,,,,,,,,1.0,,,,,2.0,,2.0,,0,,,0.0,,,,,,,,,,,,
"MEMBER, TUSCALOOSA COUNTY BOARD OF EDUCATION,           ",   ,Over Votes                            ,,0,,,,,,0.0,0.0,,,,,,,0.0,,,,,,,,,,,,,,,,0.0,,,,,1.0,,0.0,,0,,,0.0,,,,,,,,,,,,
"MEMBER, TUSCALOOSA COUNTY BOARD OF EDUCATION,           ",   ,Under Votes                           ,,4,,,,,,4.0,40.0,,,,,,,10.0,,,,,,,,,,,,,,,,7.0,,,,,62.0,,10.0,,0,,,4.0,,,,,,,,,,,,
"MEMBER, TUSCALOOSA COUNTY BOARD OF EDUCATION,           ",REP,William E. (Bill) Copeland            ,493.0,57,,,,,,,,,,,,,,,,,,,,,494.0,,,115.0,1427.0,,,,,,,,,,,,,,9,,,,,,1118.0,,,,,537.0,,,,
"MEMBER, TUSCALOOSA COUNTY BOARD OF EDUCATION,           ",NON,Write-In                              ,53.0,0,,,,,,,,,,,,,,,,,,,,,278.0,,,11.0,214.0,,,,,,,,,,,,,,0,,,,,,62.0,,,,,51.0,,,,
"MEMBER, TUSCALOOSA COUNTY BOARD OF EDUCATION,           ",   ,Over Votes                            ,0.0,0,,,,,,,,,,,,,,,,,,,,,4.0,,,0.0,1.0,,,,,,,,,,,,,,0,,,,,,0.0,,,,,1.0,,,,
"MEMBER, TUSCALOOSA COUNTY BOARD OF EDUCATION,           ",   ,Under Votes                           ,73.0,14,,,,,,,,,,,,,,,,,,,,,78.0,,,16.0,204.0,,,,,,,,,,,,,,0,,,,,,240.0,,,,,127.0,,,,
