Contest Title,Party,Candidate,ABERNANT BAPT CH,ABSENTEE,ALBERTA BAPT CH,BELK ACTIVITY CTR,BIG SANDY BAPT,BOBBY MILLER ACTIVITY,BUHL VFD STATION,CARROLLS CRK BAPT CH,CH OF THE HIGHLANDS,CHAPEL HILL BAPT,COALING TOWN HALL,COKER TOWN HALL,COMM CH COTTONDALE,CORNERSTONE BAPT CH,COTTONDALE METHODIST CH,COUNTY CTHS ANNEX,COUNTY RD CAMP #3,DAYSTAR FAMILY CH,DUNCANVILLE MIDDLE SCH,ECHOLA FIRE DEPT,ELROD VFD STATION,FLATWOODS BAPT CH,FOREST LAKE METHODIST,FOSTERS FIRE DEPT,G_G_ HARDIN COMM CTR,GRACE PRES_ CHURCH,HAGLER COMM CTR,KELLERMAN ANTIOCH BAPT,LAKEVIEW BAPT CH,MARY PHELPS CTR,MAYFIELD FIRE DEPT,MCABEE CTR,MCDONALD HUGHES COMM,MONTGOMERY FIRE DEPT,MT OLIVE BAPT CH,NEW LIFE BAPT CH,NEW ZION MISSIONARY CH,NORTHPORT CITY HALL,NORTHPORT COMM CTR,NORTHSIDE LIONS CLUB,PETERSON COMM CH,PROVISIONAL,ROMULUS FIRE DEPT_,SHERIFF FIRING RANGE,SOMA CH,STATION #2 CARROLLS CRK,STILLMAN COLLEGE,TANNEHILL VALLEY BAPT,U OF A STUDENT REC CTR,UNITY BAPT CH,UNIVERSITY MALL,VANCE ACTIVITY BLDG,WESLEY CHAPEL METHODIST,WHITSON PLACE CH,WINDHAM SPRINGS BAPT CH,YELLOW CREEK BAPT CH
REGISTERED VOTERS - TOTAL                                             ,   ,Registered Voters - Total             ,1507.0,0,5788.0,8867.0,4748.0,10509.0,687.0,5060.0,5987.0,3592.0,2571.0,1074.0,2434.0,2510.0,1812.0,2593.0,973.0,4068.0,3141.0,462.0,466.0,3429.0,1473.0,1712.0,2337.0,5172.0,359.0,314.0,3965.0,6296.0,152.0,3373.0,3583.0,1391.0,1909.0,4060.0,1552.0,5021.0,3252.0,1408.0,1215.0,0,541.0,488.0,2869.0,1538.0,5093.0,2733.0,5198.0,711.0,3189.0,2280.0,944.0,60.0,341.0,970.0
BALLOTS CAST - TOTAL                                                  ,   ,Ballots Cast - Total                  ,507.0,1631,1526.0,2511.0,1867.0,3760.0,273.0,2330.0,2630.0,1445.0,1008.0,462.0,875.0,439.0,664.0,520.0,466.0,1299.0,1111.0,220.0,173.0,1315.0,311.0,714.0,717.0,1217.0,181.0,103.0,1700.0,2784.0,78.0,1147.0,964.0,603.0,849.0,1039.0,450.0,2003.0,989.0,557.0,432.0,56,189.0,189.0,693.0,794.0,1351.0,1259.0,418.0,290.0,887.0,810.0,439.0,26.0,163.0,425.0
BALLOTS CAST - BLANK                                                  ,   ,Ballots Cast - Blank                  ,0.0,0,0.0,0.0,0.0,0.0,0.0,0.0,0.0,0.0,0.0,0.0,0.0,0.0,0.0,0.0,0.0,0.0,0.0,0.0,0.0,0.0,0.0,0.0,0.0,0.0,0.0,0.0,0.0,0.0,0.0,0.0,0.0,0.0,0.0,0.0,0.0,0.0,0.0,0.0,0.0,0,0.0,0.0,0.0,0.0,0.0,0.0,0.0,0.0,0.0,0.0,0.0,0.0,0.0,0.0
"MEMBER, TUSCALOOSA CO BOARD OF EDUCATION, DISTRICT NO. 5              ",REP,Neal Guy                              ,,94,,,1110.0,1862.0,,,,,,,,,,,,,,,,,,,,,,,,,,,,,,,,,,,,5,,,,,,,,,,,,,,
"MEMBER, TUSCALOOSA CO BOARD OF EDUCATION, DISTRICT NO. 5              ",NON,Write-In                              ,,2,,,44.0,92.0,,,,,,,,,,,,,,,,,,,,,,,,,,,,,,,,,,,,0,,,,,,,,,,,,,,
"MEMBER, TUSCALOOSA CO BOARD OF EDUCATION, DISTRICT NO. 6              ",REP,Randy Smalley                         ,,56,,42.0,74.0,,,,,,856.0,,369.0,,439.0,,,,871.0,,,,,,2.0,,169.0,,,,,16.0,,,,,,,,,368.0,7,,,,,,,,,,453.0,,,,
"MEMBER, TUSCALOOSA CO BOARD OF EDUCATION, DISTRICT NO. 6              ",NON,Write-In                              ,,0,,0.0,5.0,,,,,,7.0,,10.0,,9.0,,,,19.0,,,,,,0.0,,0.0,,,,,0.0,,,,,,,,,3.0,0,,,,,,,,,,9.0,,,,
