election,date,county,contest,choice,voting_method,precinct,num_votes
"May 24, 2022 - General Primary -Nonpartisan General Election",5/24/2022,Henry,County BOE - District 2,Annette Edwards (I),Election Day Votes,Red Oak,561
"May 24, 2022 - General Primary -Nonpartisan General Election",5/24/2022,Henry,County BOE - District 2,Annette Edwards (I),Election Day Votes,Stagecoach,296
"May 24, 2022 - General Primary -Nonpartisan General Election",5/24/2022,Henry,County BOE - District 2,Annette Edwards (I),Election Day Votes,Austin Road,418
"May 24, 2022 - General Primary -Nonpartisan General Election",5/24/2022,Henry,County BOE - District 2,Annette Edwards (I),Election Day Votes,Swan Lake,225
"May 24, 2022 - General Primary -Nonpartisan General Election",5/24/2022,Henry,County BOE - District 2,Annette Edwards (I),Election Day Votes,Shakerag,491
"May 24, 2022 - General Primary -Nonpartisan General Election",5/24/2022,Henry,County BOE - District 2,Annette Edwards (I),Election Day Votes,Ellenwood,529
"May 24, 2022 - General Primary -Nonpartisan General Election",5/24/2022,Henry,County BOE - District 2,Annette Edwards (I),Election Day Votes,Pates Creek,485
"May 24, 2022 - General Primary -Nonpartisan General Election",5/24/2022,Henry,County BOE - District 2,Annette Edwards (I),Election Day Votes,Stockbridge Central,256
"May 24, 2022 - General Primary -Nonpartisan General Election",5/24/2022,Henry,County BOE - District 2,Annette Edwards (I),Election Day Votes,Lighthouse,468
"May 24, 2022 - General Primary -Nonpartisan General Election",5/24/2022,Henry,County BOE - District 2,Annette Edwards (I),Advanced Voting Votes,Red Oak,661
"May 24, 2022 - General Primary -Nonpartisan General Election",5/24/2022,Henry,County BOE - District 2,Annette Edwards (I),Advanced Voting Votes,Stagecoach,371
"May 24, 2022 - General Primary -Nonpartisan General Election",5/24/2022,Henry,County BOE - District 2,Annette Edwards (I),Advanced Voting Votes,Austin Road,531
"May 24, 2022 - General Primary -Nonpartisan General Election",5/24/2022,Henry,County BOE - District 2,Annette Edwards (I),Advanced Voting Votes,Swan Lake,249
"May 24, 2022 - General Primary -Nonpartisan General Election",5/24/2022,Henry,County BOE - District 2,Annette Edwards (I),Advanced Voting Votes,Shakerag,603
"May 24, 2022 - General Primary -Nonpartisan General Election",5/24/2022,Henry,County BOE - District 2,Annette Edwards (I),Advanced Voting Votes,Ellenwood,814
"May 24, 2022 - General Primary -Nonpartisan General Election",5/24/2022,Henry,County BOE - District 2,Annette Edwards (I),Advanced Voting Votes,Pates Creek,572
"May 24, 2022 - General Primary -Nonpartisan General Election",5/24/2022,Henry,County BOE - District 2,Annette Edwards (I),Advanced Voting Votes,Stockbridge Central,378
"May 24, 2022 - General Primary -Nonpartisan General Election",5/24/2022,Henry,County BOE - District 2,Annette Edwards (I),Advanced Voting Votes,Lighthouse,490
"May 24, 2022 - General Primary -Nonpartisan General Election",5/24/2022,Henry,County BOE - District 2,Annette Edwards (I),Absentee by Mail Votes,Red Oak,25
"May 24, 2022 - General Primary -Nonpartisan General Election",5/24/2022,Henry,County BOE - District 2,Annette Edwards (I),Absentee by Mail Votes,Stagecoach,16
"May 24, 2022 - General Primary -Nonpartisan General Election",5/24/2022,Henry,County BOE - District 2,Annette Edwards (I),Absentee by Mail Votes,Austin Road,15
"May 24, 2022 - General Primary -Nonpartisan General Election",5/24/2022,Henry,County BOE - District 2,Annette Edwards (I),Absentee by Mail Votes,Swan Lake,15
"May 24, 2022 - General Primary -Nonpartisan General Election",5/24/2022,Henry,County BOE - District 2,Annette Edwards (I),Absentee by Mail Votes,Shakerag,30
"May 24, 2022 - General Primary -Nonpartisan General Election",5/24/2022,Henry,County BOE - District 2,Annette Edwards (I),Absentee by Mail Votes,Ellenwood,47
"May 24, 2022 - General Primary -Nonpartisan General Election",5/24/2022,Henry,County BOE - District 2,Annette Edwards (I),Absentee by Mail Votes,Pates Creek,45
"May 24, 2022 - General Primary -Nonpartisan General Election",5/24/2022,Henry,County BOE - District 2,Annette Edwards (I),Absentee by Mail Votes,Stockbridge Central,23
"May 24, 2022 - General Primary -Nonpartisan General Election",5/24/2022,Henry,County BOE - District 2,Annette Edwards (I),Absentee by Mail Votes,Lighthouse,46
"May 24, 2022 - General Primary -Nonpartisan General Election",5/24/2022,Henry,County BOE - District 2,Annette Edwards (I),Provisional Votes,Red Oak,0
"May 24, 2022 - General Primary -Nonpartisan General Election",5/24/2022,Henry,County BOE - District 2,Annette Edwards (I),Provisional Votes,Stagecoach,0
"May 24, 2022 - General Primary -Nonpartisan General Election",5/24/2022,Henry,County BOE - District 2,Annette Edwards (I),Provisional Votes,Austin Road,1
"May 24, 2022 - General Primary -Nonpartisan General Election",5/24/2022,Henry,County BOE - District 2,Annette Edwards (I),Provisional Votes,Swan Lake,0
"May 24, 2022 - General Primary -Nonpartisan General Election",5/24/2022,Henry,County BOE - District 2,Annette Edwards (I),Provisional Votes,Shakerag,0
"May 24, 2022 - General Primary -Nonpartisan General Election",5/24/2022,Henry,County BOE - District 2,Annette Edwards (I),Provisional Votes,Ellenwood,0
"May 24, 2022 - General Primary -Nonpartisan General Election",5/24/2022,Henry,County BOE - District 2,Annette Edwards (I),Provisional Votes,Pates Creek,1
"May 24, 2022 - General Primary -Nonpartisan General Election",5/24/2022,Henry,County BOE - District 2,Annette Edwards (I),Provisional Votes,Stockbridge Central,0
"May 24, 2022 - General Primary -Nonpartisan General Election",5/24/2022,Henry,County BOE - District 2,Annette Edwards (I),Provisional Votes,Lighthouse,0
"May 24, 2022 - General Primary -Nonpartisan General Election",5/24/2022,Henry,County BOE - District 4,Erika Raquel Hill,Election Day Votes,Westside,0
"May 24, 2022 - General Primary -Nonpartisan General Election",5/24/2022,Henry,County BOE - District 4,Erika Raquel Hill,Election Day Votes,Wesley Lakes,0
"May 24, 2022 - General Primary -Nonpartisan General Election",5/24/2022,Henry,County BOE - District 4,Erika Raquel Hill,Election Day Votes,East Lake,0
"May 24, 2022 - General Primary -Nonpartisan General Election",5/24/2022,Henry,County BOE - District 4,Erika Raquel Hill,Election Day Votes,Hickory Flat,0
"May 24, 2022 - General Primary -Nonpartisan General Election",5/24/2022,Henry,County BOE - District 4,Erika Raquel Hill,Election Day Votes,Stockbridge East-West,0
"May 24, 2022 - General Primary -Nonpartisan General Election",5/24/2022,Henry,County BOE - District 4,Erika Raquel Hill,Election Day Votes,Cotton Indian,0
"May 24, 2022 - General Primary -Nonpartisan General Election",5/24/2022,Henry,County BOE - District 4,Erika Raquel Hill,Election Day Votes,Pates Creek,0
"May 24, 2022 - General Primary -Nonpartisan General Election",5/24/2022,Henry,County BOE - District 4,Erika Raquel Hill,Election Day Votes,Flippen,0
"May 24, 2022 - General Primary -Nonpartisan General Election",5/24/2022,Henry,County BOE - District 4,Erika Raquel Hill,Election Day Votes,Lake Haven,0
"May 24, 2022 - General Primary -Nonpartisan General Election",5/24/2022,Henry,County BOE - District 4,Erika Raquel Hill,Advanced Voting Votes,Westside,0
"May 24, 2022 - General Primary -Nonpartisan General Election",5/24/2022,Henry,County BOE - District 4,Erika Raquel Hill,Advanced Voting Votes,Wesley Lakes,0
"May 24, 2022 - General Primary -Nonpartisan General Election",5/24/2022,Henry,County BOE - District 4,Erika Raquel Hill,Advanced Voting Votes,East Lake,0
"May 24, 2022 - General Primary -Nonpartisan General Election",5/24/2022,Henry,County BOE - District 4,Erika Raquel Hill,Advanced Voting Votes,Hickory Flat,0
"May 24, 2022 - General Primary -Nonpartisan General Election",5/24/2022,Henry,County BOE - District 4,Erika Raquel Hill,Advanced Voting Votes,Stockbridge East-West,0
"May 24, 2022 - General Primary -Nonpartisan General Election",5/24/2022,Henry,County BOE - District 4,Erika Raquel Hill,Advanced Voting Votes,Cotton Indian,0
"May 24, 2022 - General Primary -Nonpartisan General Election",5/24/2022,Henry,County BOE - District 4,Erika Raquel Hill,Advanced Voting Votes,Pates Creek,0
"May 24, 2022 - General Primary -Nonpartisan General Election",5/24/2022,Henry,County BOE - District 4,Erika Raquel Hill,Advanced Voting Votes,Flippen,0
"May 24, 2022 - General Primary -Nonpartisan General Election",5/24/2022,Henry,County BOE - District 4,Erika Raquel Hill,Advanced Voting Votes,Lake Haven,0
"May 24, 2022 - General Primary -Nonpartisan General Election",5/24/2022,Henry,County BOE - District 4,Erika Raquel Hill,Absentee by Mail Votes,Westside,0
"May 24, 2022 - General Primary -Nonpartisan General Election",5/24/2022,Henry,County BOE - District 4,Erika Raquel Hill,Absentee by Mail Votes,Wesley Lakes,0
"May 24, 2022 - General Primary -Nonpartisan General Election",5/24/2022,Henry,County BOE - District 4,Erika Raquel Hill,Absentee by Mail Votes,East Lake,0
"May 24, 2022 - General Primary -Nonpartisan General Election",5/24/2022,Henry,County BOE - District 4,Erika Raquel Hill,Absentee by Mail Votes,Hickory Flat,0
"May 24, 2022 - General Primary -Nonpartisan General Election",5/24/2022,Henry,County BOE - District 4,Erika Raquel Hill,Absentee by Mail Votes,Stockbridge East-West,0
"May 24, 2022 - General Primary -Nonpartisan General Election",5/24/2022,Henry,County BOE - District 4,Erika Raquel Hill,Absentee by Mail Votes,Cotton Indian,0
"May 24, 2022 - General Primary -Nonpartisan General Election",5/24/2022,Henry,County BOE - District 4,Erika Raquel Hill,Absentee by Mail Votes,Pates Creek,0
"May 24, 2022 - General Primary -Nonpartisan General Election",5/24/2022,Henry,County BOE - District 4,Erika Raquel Hill,Absentee by Mail Votes,Flippen,0
"May 24, 2022 - General Primary -Nonpartisan General Election",5/24/2022,Henry,County BOE - District 4,Erika Raquel Hill,Absentee by Mail Votes,Lake Haven,0
"May 24, 2022 - General Primary -Nonpartisan General Election",5/24/2022,Henry,County BOE - District 4,Erika Raquel Hill,Provisional Votes,Westside,0
"May 24, 2022 - General Primary -Nonpartisan General Election",5/24/2022,Henry,County BOE - District 4,Erika Raquel Hill,Provisional Votes,Wesley Lakes,0
"May 24, 2022 - General Primary -Nonpartisan General Election",5/24/2022,Henry,County BOE - District 4,Erika Raquel Hill,Provisional Votes,East Lake,0
"May 24, 2022 - General Primary -Nonpartisan General Election",5/24/2022,Henry,County BOE - District 4,Erika Raquel Hill,Provisional Votes,Hickory Flat,0
"May 24, 2022 - General Primary -Nonpartisan General Election",5/24/2022,Henry,County BOE - District 4,Erika Raquel Hill,Provisional Votes,Stockbridge East-West,0
"May 24, 2022 - General Primary -Nonpartisan General Election",5/24/2022,Henry,County BOE - District 4,Erika Raquel Hill,Provisional Votes,Cotton Indian,0
"May 24, 2022 - General Primary -Nonpartisan General Election",5/24/2022,Henry,County BOE - District 4,Erika Raquel Hill,Provisional Votes,Pates Creek,0
"May 24, 2022 - General Primary -Nonpartisan General Election",5/24/2022,Henry,County BOE - District 4,Erika Raquel Hill,Provisional Votes,Flippen,0
"May 24, 2022 - General Primary -Nonpartisan General Election",5/24/2022,Henry,County BOE - District 4,Erika Raquel Hill,Provisional Votes,Lake Haven,0
"May 24, 2022 - General Primary -Nonpartisan General Election",5/24/2022,Henry,County BOE - District 4,Sophe Cook Pope (I),Election Day Votes,Westside,58
"May 24, 2022 - General Primary -Nonpartisan General Election",5/24/2022,Henry,County BOE - District 4,Sophe Cook Pope (I),Election Day Votes,Wesley Lakes,187
"May 24, 2022 - General Primary -Nonpartisan General Election",5/24/2022,Henry,County BOE - District 4,Sophe Cook Pope (I),Election Day Votes,East Lake,1
"May 24, 2022 - General Primary -Nonpartisan General Election",5/24/2022,Henry,County BOE - District 4,Sophe Cook Pope (I),Election Day Votes,Hickory Flat,263
"May 24, 2022 - General Primary -Nonpartisan General Election",5/24/2022,Henry,County BOE - District 4,Sophe Cook Pope (I),Election Day Votes,Stockbridge East-West,202
"May 24, 2022 - General Primary -Nonpartisan General Election",5/24/2022,Henry,County BOE - District 4,Sophe Cook Pope (I),Election Day Votes,Cotton Indian,303
"May 24, 2022 - General Primary -Nonpartisan General Election",5/24/2022,Henry,County BOE - District 4,Sophe Cook Pope (I),Election Day Votes,Pates Creek,29
"May 24, 2022 - General Primary -Nonpartisan General Election",5/24/2022,Henry,County BOE - District 4,Sophe Cook Pope (I),Election Day Votes,Flippen,268
"May 24, 2022 - General Primary -Nonpartisan General Election",5/24/2022,Henry,County BOE - District 4,Sophe Cook Pope (I),Election Day Votes,Lake Haven,133
"May 24, 2022 - General Primary -Nonpartisan General Election",5/24/2022,Henry,County BOE - District 4,Sophe Cook Pope (I),Advanced Voting Votes,Westside,69
"May 24, 2022 - General Primary -Nonpartisan General Election",5/24/2022,Henry,County BOE - District 4,Sophe Cook Pope (I),Advanced Voting Votes,Wesley Lakes,307
"May 24, 2022 - General Primary -Nonpartisan General Election",5/24/2022,Henry,County BOE - District 4,Sophe Cook Pope (I),Advanced Voting Votes,East Lake,2
"May 24, 2022 - General Primary -Nonpartisan General Election",5/24/2022,Henry,County BOE - District 4,Sophe Cook Pope (I),Advanced Voting Votes,Hickory Flat,419
"May 24, 2022 - General Primary -Nonpartisan General Election",5/24/2022,Henry,County BOE - District 4,Sophe Cook Pope (I),Advanced Voting Votes,Stockbridge East-West,304
"May 24, 2022 - General Primary -Nonpartisan General Election",5/24/2022,Henry,County BOE - District 4,Sophe Cook Pope (I),Advanced Voting Votes,Cotton Indian,360
"May 24, 2022 - General Primary -Nonpartisan General Election",5/24/2022,Henry,County BOE - District 4,Sophe Cook Pope (I),Advanced Voting Votes,Pates Creek,28
"May 24, 2022 - General Primary -Nonpartisan General Election",5/24/2022,Henry,County BOE - District 4,Sophe Cook Pope (I),Advanced Voting Votes,Flippen,339
"May 24, 2022 - General Primary -Nonpartisan General Election",5/24/2022,Henry,County BOE - District 4,Sophe Cook Pope (I),Advanced Voting Votes,Lake Haven,86
"May 24, 2022 - General Primary -Nonpartisan General Election",5/24/2022,Henry,County BOE - District 4,Sophe Cook Pope (I),Absentee by Mail Votes,Westside,5
"May 24, 2022 - General Primary -Nonpartisan General Election",5/24/2022,Henry,County BOE - District 4,Sophe Cook Pope (I),Absentee by Mail Votes,Wesley Lakes,15
"May 24, 2022 - General Primary -Nonpartisan General Election",5/24/2022,Henry,County BOE - District 4,Sophe Cook Pope (I),Absentee by Mail Votes,East Lake,0
"May 24, 2022 - General Primary -Nonpartisan General Election",5/24/2022,Henry,County BOE - District 4,Sophe Cook Pope (I),Absentee by Mail Votes,Hickory Flat,17
"May 24, 2022 - General Primary -Nonpartisan General Election",5/24/2022,Henry,County BOE - District 4,Sophe Cook Pope (I),Absentee by Mail Votes,Stockbridge East-West,35
"May 24, 2022 - General Primary -Nonpartisan General Election",5/24/2022,Henry,County BOE - District 4,Sophe Cook Pope (I),Absentee by Mail Votes,Cotton Indian,25
"May 24, 2022 - General Primary -Nonpartisan General Election",5/24/2022,Henry,County BOE - District 4,Sophe Cook Pope (I),Absentee by Mail Votes,Pates Creek,0
"May 24, 2022 - General Primary -Nonpartisan General Election",5/24/2022,Henry,County BOE - District 4,Sophe Cook Pope (I),Absentee by Mail Votes,Flippen,21
"May 24, 2022 - General Primary -Nonpartisan General Election",5/24/2022,Henry,County BOE - District 4,Sophe Cook Pope (I),Absentee by Mail Votes,Lake Haven,11
"May 24, 2022 - General Primary -Nonpartisan General Election",5/24/2022,Henry,County BOE - District 4,Sophe Cook Pope (I),Provisional Votes,Westside,0
"May 24, 2022 - General Primary -Nonpartisan General Election",5/24/2022,Henry,County BOE - District 4,Sophe Cook Pope (I),Provisional Votes,Wesley Lakes,0
"May 24, 2022 - General Primary -Nonpartisan General Election",5/24/2022,Henry,County BOE - District 4,Sophe Cook Pope (I),Provisional Votes,East Lake,0
"May 24, 2022 - General Primary -Nonpartisan General Election",5/24/2022,Henry,County BOE - District 4,Sophe Cook Pope (I),Provisional Votes,Hickory Flat,0
"May 24, 2022 - General Primary -Nonpartisan General Election",5/24/2022,Henry,County BOE - District 4,Sophe Cook Pope (I),Provisional Votes,Stockbridge East-West,0
"May 24, 2022 - General Primary -Nonpartisan General Election",5/24/2022,Henry,County BOE - District 4,Sophe Cook Pope (I),Provisional Votes,Cotton Indian,0
"May 24, 2022 - General Primary -Nonpartisan General Election",5/24/2022,Henry,County BOE - District 4,Sophe Cook Pope (I),Provisional Votes,Pates Creek,0
"May 24, 2022 - General Primary -Nonpartisan General Election",5/24/2022,Henry,County BOE - District 4,Sophe Cook Pope (I),Provisional Votes,Flippen,0
"May 24, 2022 - General Primary -Nonpartisan General Election",5/24/2022,Henry,County BOE - District 4,Sophe Cook Pope (I),Provisional Votes,Lake Haven,0
"May 24, 2022 - General Primary -Nonpartisan General Election",5/24/2022,Henry,County BOE - District 4,Deborah Sykes,Election Day Votes,Westside,89
"May 24, 2022 - General Primary -Nonpartisan General Election",5/24/2022,Henry,County BOE - District 4,Deborah Sykes,Election Day Votes,Wesley Lakes,333
"May 24, 2022 - General Primary -Nonpartisan General Election",5/24/2022,Henry,County BOE - District 4,Deborah Sykes,Election Day Votes,East Lake,2
"May 24, 2022 - General Primary -Nonpartisan General Election",5/24/2022,Henry,County BOE - District 4,Deborah Sykes,Election Day Votes,Hickory Flat,221
"May 24, 2022 - General Primary -Nonpartisan General Election",5/24/2022,Henry,County BOE - District 4,Deborah Sykes,Election Day Votes,Stockbridge East-West,251
"May 24, 2022 - General Primary -Nonpartisan General Election",5/24/2022,Henry,County BOE - District 4,Deborah Sykes,Election Day Votes,Cotton Indian,228
"May 24, 2022 - General Primary -Nonpartisan General Election",5/24/2022,Henry,County BOE - District 4,Deborah Sykes,Election Day Votes,Pates Creek,30
"May 24, 2022 - General Primary -Nonpartisan General Election",5/24/2022,Henry,County BOE - District 4,Deborah Sykes,Election Day Votes,Flippen,232
"May 24, 2022 - General Primary -Nonpartisan General Election",5/24/2022,Henry,County BOE - District 4,Deborah Sykes,Election Day Votes,Lake Haven,92
"May 24, 2022 - General Primary -Nonpartisan General Election",5/24/2022,Henry,County BOE - District 4,Deborah Sykes,Advanced Voting Votes,Westside,141
"May 24, 2022 - General Primary -Nonpartisan General Election",5/24/2022,Henry,County BOE - District 4,Deborah Sykes,Advanced Voting Votes,Wesley Lakes,355
"May 24, 2022 - General Primary -Nonpartisan General Election",5/24/2022,Henry,County BOE - District 4,Deborah Sykes,Advanced Voting Votes,East Lake,6
"May 24, 2022 - General Primary -Nonpartisan General Election",5/24/2022,Henry,County BOE - District 4,Deborah Sykes,Advanced Voting Votes,Hickory Flat,285
"May 24, 2022 - General Primary -Nonpartisan General Election",5/24/2022,Henry,County BOE - District 4,Deborah Sykes,Advanced Voting Votes,Stockbridge East-West,391
"May 24, 2022 - General Primary -Nonpartisan General Election",5/24/2022,Henry,County BOE - District 4,Deborah Sykes,Advanced Voting Votes,Cotton Indian,223
"May 24, 2022 - General Primary -Nonpartisan General Election",5/24/2022,Henry,County BOE - District 4,Deborah Sykes,Advanced Voting Votes,Pates Creek,29
"May 24, 2022 - General Primary -Nonpartisan General Election",5/24/2022,Henry,County BOE - District 4,Deborah Sykes,Advanced Voting Votes,Flippen,330
"May 24, 2022 - General Primary -Nonpartisan General Election",5/24/2022,Henry,County BOE - District 4,Deborah Sykes,Advanced Voting Votes,Lake Haven,77
"May 24, 2022 - General Primary -Nonpartisan General Election",5/24/2022,Henry,County BOE - District 4,Deborah Sykes,Absentee by Mail Votes,Westside,6
"May 24, 2022 - General Primary -Nonpartisan General Election",5/24/2022,Henry,County BOE - District 4,Deborah Sykes,Absentee by Mail Votes,Wesley Lakes,12
"May 24, 2022 - General Primary -Nonpartisan General Election",5/24/2022,Henry,County BOE - District 4,Deborah Sykes,Absentee by Mail Votes,East Lake,0
"May 24, 2022 - General Primary -Nonpartisan General Election",5/24/2022,Henry,County BOE - District 4,Deborah Sykes,Absentee by Mail Votes,Hickory Flat,15
"May 24, 2022 - General Primary -Nonpartisan General Election",5/24/2022,Henry,County BOE - District 4,Deborah Sykes,Absentee by Mail Votes,Stockbridge East-West,14
"May 24, 2022 - General Primary -Nonpartisan General Election",5/24/2022,Henry,County BOE - District 4,Deborah Sykes,Absentee by Mail Votes,Cotton Indian,7
"May 24, 2022 - General Primary -Nonpartisan General Election",5/24/2022,Henry,County BOE - District 4,Deborah Sykes,Absentee by Mail Votes,Pates Creek,4
"May 24, 2022 - General Primary -Nonpartisan General Election",5/24/2022,Henry,County BOE - District 4,Deborah Sykes,Absentee by Mail Votes,Flippen,20
"May 24, 2022 - General Primary -Nonpartisan General Election",5/24/2022,Henry,County BOE - District 4,Deborah Sykes,Absentee by Mail Votes,Lake Haven,1
"May 24, 2022 - General Primary -Nonpartisan General Election",5/24/2022,Henry,County BOE - District 4,Deborah Sykes,Provisional Votes,Westside,0
"May 24, 2022 - General Primary -Nonpartisan General Election",5/24/2022,Henry,County BOE - District 4,Deborah Sykes,Provisional Votes,Wesley Lakes,0
"May 24, 2022 - General Primary -Nonpartisan General Election",5/24/2022,Henry,County BOE - District 4,Deborah Sykes,Provisional Votes,East Lake,0
"May 24, 2022 - General Primary -Nonpartisan General Election",5/24/2022,Henry,County BOE - District 4,Deborah Sykes,Provisional Votes,Hickory Flat,0
"May 24, 2022 - General Primary -Nonpartisan General Election",5/24/2022,Henry,County BOE - District 4,Deborah Sykes,Provisional Votes,Stockbridge East-West,0
"May 24, 2022 - General Primary -Nonpartisan General Election",5/24/2022,Henry,County BOE - District 4,Deborah Sykes,Provisional Votes,Cotton Indian,0
"May 24, 2022 - General Primary -Nonpartisan General Election",5/24/2022,Henry,County BOE - District 4,Deborah Sykes,Provisional Votes,Pates Creek,0
"May 24, 2022 - General Primary -Nonpartisan General Election",5/24/2022,Henry,County BOE - District 4,Deborah Sykes,Provisional Votes,Flippen,0
"May 24, 2022 - General Primary -Nonpartisan General Election",5/24/2022,Henry,County BOE - District 4,Deborah Sykes,Provisional Votes,Lake Haven,0
