election,date,county,contest,choice,voting_method,precinct,num_votes
Presidential Preference Primary – General Primary – Nonpartisan General Election – Special Election,6/9/2020,Henry,Brd of Education Dist 1,"John H. Dewberry, Jr.",Election Day Votes,Locust Grove,299
Presidential Preference Primary – General Primary – Nonpartisan General Election – Special Election,6/9/2020,Henry,Brd of Education Dist 1,"John H. Dewberry, Jr.",Election Day Votes,Tussahaw,138
Presidential Preference Primary – General Primary – Nonpartisan General Election – Special Election,6/9/2020,Henry,Brd of Education Dist 1,"John H. Dewberry, Jr.",Election Day Votes,Sandy Ridge,168
Presidential Preference Primary – General Primary – Nonpartisan General Election – Special Election,6/9/2020,Henry,Brd of Education Dist 1,"John H. Dewberry, Jr.",Election Day Votes,Westside,176
Presidential Preference Primary – General Primary – Nonpartisan General Election – Special Election,6/9/2020,Henry,Brd of Education Dist 1,"John H. Dewberry, Jr.",Election Day Votes,Lowes,26
Presidential Preference Primary – General Primary – Nonpartisan General Election – Special Election,6/9/2020,Henry,Brd of Education Dist 1,"John H. Dewberry, Jr.",Election Day Votes,Unity Grove,187
Presidential Preference Primary – General Primary – Nonpartisan General Election – Special Election,6/9/2020,Henry,Brd of Education Dist 1,"John H. Dewberry, Jr.",Election Day Votes,Shiloh,203
Presidential Preference Primary – General Primary – Nonpartisan General Election – Special Election,6/9/2020,Henry,Brd of Education Dist 1,"John H. Dewberry, Jr.",Election Day Votes,Grove Park,174
Presidential Preference Primary – General Primary – Nonpartisan General Election – Special Election,6/9/2020,Henry,Brd of Education Dist 1,"John H. Dewberry, Jr.",Advanced Voting Votes,Locust Grove,196
Presidential Preference Primary – General Primary – Nonpartisan General Election – Special Election,6/9/2020,Henry,Brd of Education Dist 1,"John H. Dewberry, Jr.",Advanced Voting Votes,Tussahaw,42
Presidential Preference Primary – General Primary – Nonpartisan General Election – Special Election,6/9/2020,Henry,Brd of Education Dist 1,"John H. Dewberry, Jr.",Advanced Voting Votes,Sandy Ridge,51
Presidential Preference Primary – General Primary – Nonpartisan General Election – Special Election,6/9/2020,Henry,Brd of Education Dist 1,"John H. Dewberry, Jr.",Advanced Voting Votes,Westside,84
Presidential Preference Primary – General Primary – Nonpartisan General Election – Special Election,6/9/2020,Henry,Brd of Education Dist 1,"John H. Dewberry, Jr.",Advanced Voting Votes,Lowes,15
Presidential Preference Primary – General Primary – Nonpartisan General Election – Special Election,6/9/2020,Henry,Brd of Education Dist 1,"John H. Dewberry, Jr.",Advanced Voting Votes,Unity Grove,105
Presidential Preference Primary – General Primary – Nonpartisan General Election – Special Election,6/9/2020,Henry,Brd of Education Dist 1,"John H. Dewberry, Jr.",Advanced Voting Votes,Shiloh,105
Presidential Preference Primary – General Primary – Nonpartisan General Election – Special Election,6/9/2020,Henry,Brd of Education Dist 1,"John H. Dewberry, Jr.",Advanced Voting Votes,Grove Park,103
Presidential Preference Primary – General Primary – Nonpartisan General Election – Special Election,6/9/2020,Henry,Brd of Education Dist 1,"John H. Dewberry, Jr.",Absentee by Mail Votes,Locust Grove,267
Presidential Preference Primary – General Primary – Nonpartisan General Election – Special Election,6/9/2020,Henry,Brd of Education Dist 1,"John H. Dewberry, Jr.",Absentee by Mail Votes,Tussahaw,82
Presidential Preference Primary – General Primary – Nonpartisan General Election – Special Election,6/9/2020,Henry,Brd of Education Dist 1,"John H. Dewberry, Jr.",Absentee by Mail Votes,Sandy Ridge,100
Presidential Preference Primary – General Primary – Nonpartisan General Election – Special Election,6/9/2020,Henry,Brd of Education Dist 1,"John H. Dewberry, Jr.",Absentee by Mail Votes,Westside,163
Presidential Preference Primary – General Primary – Nonpartisan General Election – Special Election,6/9/2020,Henry,Brd of Education Dist 1,"John H. Dewberry, Jr.",Absentee by Mail Votes,Lowes,27
Presidential Preference Primary – General Primary – Nonpartisan General Election – Special Election,6/9/2020,Henry,Brd of Education Dist 1,"John H. Dewberry, Jr.",Absentee by Mail Votes,Unity Grove,195
Presidential Preference Primary – General Primary – Nonpartisan General Election – Special Election,6/9/2020,Henry,Brd of Education Dist 1,"John H. Dewberry, Jr.",Absentee by Mail Votes,Shiloh,160
Presidential Preference Primary – General Primary – Nonpartisan General Election – Special Election,6/9/2020,Henry,Brd of Education Dist 1,"John H. Dewberry, Jr.",Absentee by Mail Votes,Grove Park,116
Presidential Preference Primary – General Primary – Nonpartisan General Election – Special Election,6/9/2020,Henry,Brd of Education Dist 1,"John H. Dewberry, Jr.",Provisional Votes,Locust Grove,1
Presidential Preference Primary – General Primary – Nonpartisan General Election – Special Election,6/9/2020,Henry,Brd of Education Dist 1,"John H. Dewberry, Jr.",Provisional Votes,Tussahaw,4
Presidential Preference Primary – General Primary – Nonpartisan General Election – Special Election,6/9/2020,Henry,Brd of Education Dist 1,"John H. Dewberry, Jr.",Provisional Votes,Sandy Ridge,0
Presidential Preference Primary – General Primary – Nonpartisan General Election – Special Election,6/9/2020,Henry,Brd of Education Dist 1,"John H. Dewberry, Jr.",Provisional Votes,Westside,1
Presidential Preference Primary – General Primary – Nonpartisan General Election – Special Election,6/9/2020,Henry,Brd of Education Dist 1,"John H. Dewberry, Jr.",Provisional Votes,Lowes,0
Presidential Preference Primary – General Primary – Nonpartisan General Election – Special Election,6/9/2020,Henry,Brd of Education Dist 1,"John H. Dewberry, Jr.",Provisional Votes,Unity Grove,1
Presidential Preference Primary – General Primary – Nonpartisan General Election – Special Election,6/9/2020,Henry,Brd of Education Dist 1,"John H. Dewberry, Jr.",Provisional Votes,Shiloh,2
Presidential Preference Primary – General Primary – Nonpartisan General Election – Special Election,6/9/2020,Henry,Brd of Education Dist 1,"John H. Dewberry, Jr.",Provisional Votes,Grove Park,0
Presidential Preference Primary – General Primary – Nonpartisan General Election – Special Election,6/9/2020,Henry,Brd of Education Dist 1,Pam Nutt (I),Election Day Votes,Locust Grove,365
Presidential Preference Primary – General Primary – Nonpartisan General Election – Special Election,6/9/2020,Henry,Brd of Education Dist 1,Pam Nutt (I),Election Day Votes,Tussahaw,374
Presidential Preference Primary – General Primary – Nonpartisan General Election – Special Election,6/9/2020,Henry,Brd of Education Dist 1,Pam Nutt (I),Election Day Votes,Sandy Ridge,439
Presidential Preference Primary – General Primary – Nonpartisan General Election – Special Election,6/9/2020,Henry,Brd of Education Dist 1,Pam Nutt (I),Election Day Votes,Westside,172
Presidential Preference Primary – General Primary – Nonpartisan General Election – Special Election,6/9/2020,Henry,Brd of Education Dist 1,Pam Nutt (I),Election Day Votes,Lowes,42
Presidential Preference Primary – General Primary – Nonpartisan General Election – Special Election,6/9/2020,Henry,Brd of Education Dist 1,Pam Nutt (I),Election Day Votes,Unity Grove,386
Presidential Preference Primary – General Primary – Nonpartisan General Election – Special Election,6/9/2020,Henry,Brd of Education Dist 1,Pam Nutt (I),Election Day Votes,Shiloh,256
Presidential Preference Primary – General Primary – Nonpartisan General Election – Special Election,6/9/2020,Henry,Brd of Education Dist 1,Pam Nutt (I),Election Day Votes,Grove Park,241
Presidential Preference Primary – General Primary – Nonpartisan General Election – Special Election,6/9/2020,Henry,Brd of Education Dist 1,Pam Nutt (I),Advanced Voting Votes,Locust Grove,300
Presidential Preference Primary – General Primary – Nonpartisan General Election – Special Election,6/9/2020,Henry,Brd of Education Dist 1,Pam Nutt (I),Advanced Voting Votes,Tussahaw,128
Presidential Preference Primary – General Primary – Nonpartisan General Election – Special Election,6/9/2020,Henry,Brd of Education Dist 1,Pam Nutt (I),Advanced Voting Votes,Sandy Ridge,159
Presidential Preference Primary – General Primary – Nonpartisan General Election – Special Election,6/9/2020,Henry,Brd of Education Dist 1,Pam Nutt (I),Advanced Voting Votes,Westside,78
Presidential Preference Primary – General Primary – Nonpartisan General Election – Special Election,6/9/2020,Henry,Brd of Education Dist 1,Pam Nutt (I),Advanced Voting Votes,Lowes,43
Presidential Preference Primary – General Primary – Nonpartisan General Election – Special Election,6/9/2020,Henry,Brd of Education Dist 1,Pam Nutt (I),Advanced Voting Votes,Unity Grove,253
Presidential Preference Primary – General Primary – Nonpartisan General Election – Special Election,6/9/2020,Henry,Brd of Education Dist 1,Pam Nutt (I),Advanced Voting Votes,Shiloh,158
Presidential Preference Primary – General Primary – Nonpartisan General Election – Special Election,6/9/2020,Henry,Brd of Education Dist 1,Pam Nutt (I),Advanced Voting Votes,Grove Park,134
Presidential Preference Primary – General Primary – Nonpartisan General Election – Special Election,6/9/2020,Henry,Brd of Education Dist 1,Pam Nutt (I),Absentee by Mail Votes,Locust Grove,542
Presidential Preference Primary – General Primary – Nonpartisan General Election – Special Election,6/9/2020,Henry,Brd of Education Dist 1,Pam Nutt (I),Absentee by Mail Votes,Tussahaw,271
Presidential Preference Primary – General Primary – Nonpartisan General Election – Special Election,6/9/2020,Henry,Brd of Education Dist 1,Pam Nutt (I),Absentee by Mail Votes,Sandy Ridge,373
Presidential Preference Primary – General Primary – Nonpartisan General Election – Special Election,6/9/2020,Henry,Brd of Education Dist 1,Pam Nutt (I),Absentee by Mail Votes,Westside,188
Presidential Preference Primary – General Primary – Nonpartisan General Election – Special Election,6/9/2020,Henry,Brd of Education Dist 1,Pam Nutt (I),Absentee by Mail Votes,Lowes,93
Presidential Preference Primary – General Primary – Nonpartisan General Election – Special Election,6/9/2020,Henry,Brd of Education Dist 1,Pam Nutt (I),Absentee by Mail Votes,Unity Grove,402
Presidential Preference Primary – General Primary – Nonpartisan General Election – Special Election,6/9/2020,Henry,Brd of Education Dist 1,Pam Nutt (I),Absentee by Mail Votes,Shiloh,280
Presidential Preference Primary – General Primary – Nonpartisan General Election – Special Election,6/9/2020,Henry,Brd of Education Dist 1,Pam Nutt (I),Absentee by Mail Votes,Grove Park,279
Presidential Preference Primary – General Primary – Nonpartisan General Election – Special Election,6/9/2020,Henry,Brd of Education Dist 1,Pam Nutt (I),Provisional Votes,Locust Grove,0
Presidential Preference Primary – General Primary – Nonpartisan General Election – Special Election,6/9/2020,Henry,Brd of Education Dist 1,Pam Nutt (I),Provisional Votes,Tussahaw,4
Presidential Preference Primary – General Primary – Nonpartisan General Election – Special Election,6/9/2020,Henry,Brd of Education Dist 1,Pam Nutt (I),Provisional Votes,Sandy Ridge,0
Presidential Preference Primary – General Primary – Nonpartisan General Election – Special Election,6/9/2020,Henry,Brd of Education Dist 1,Pam Nutt (I),Provisional Votes,Westside,0
Presidential Preference Primary – General Primary – Nonpartisan General Election – Special Election,6/9/2020,Henry,Brd of Education Dist 1,Pam Nutt (I),Provisional Votes,Lowes,0
Presidential Preference Primary – General Primary – Nonpartisan General Election – Special Election,6/9/2020,Henry,Brd of Education Dist 1,Pam Nutt (I),Provisional Votes,Unity Grove,1
Presidential Preference Primary – General Primary – Nonpartisan General Election – Special Election,6/9/2020,Henry,Brd of Education Dist 1,Pam Nutt (I),Provisional Votes,Shiloh,7
Presidential Preference Primary – General Primary – Nonpartisan General Election – Special Election,6/9/2020,Henry,Brd of Education Dist 1,Pam Nutt (I),Provisional Votes,Grove Park,6
Presidential Preference Primary – General Primary – Nonpartisan General Election – Special Election,6/9/2020,Henry,Brd of Education Dist 2,Josh Hinton (I),Election Day Votes,Lowes,252
Presidential Preference Primary – General Primary – Nonpartisan General Election – Special Election,6/9/2020,Henry,Brd of Education Dist 2,Josh Hinton (I),Election Day Votes,South Hampton,321
Presidential Preference Primary – General Primary – Nonpartisan General Election – Special Election,6/9/2020,Henry,Brd of Education Dist 2,Josh Hinton (I),Election Day Votes,North Hampton,306
Presidential Preference Primary – General Primary – Nonpartisan General Election – Special Election,6/9/2020,Henry,Brd of Education Dist 2,Josh Hinton (I),Election Day Votes,Mt Carmel,245
Presidential Preference Primary – General Primary – Nonpartisan General Election – Special Election,6/9/2020,Henry,Brd of Education Dist 2,Josh Hinton (I),Election Day Votes,Pates Creek,244
Presidential Preference Primary – General Primary – Nonpartisan General Election – Special Election,6/9/2020,Henry,Brd of Education Dist 2,Josh Hinton (I),Election Day Votes,Oakland,306
Presidential Preference Primary – General Primary – Nonpartisan General Election – Special Election,6/9/2020,Henry,Brd of Education Dist 2,Josh Hinton (I),Election Day Votes,Dutchtown,165
Presidential Preference Primary – General Primary – Nonpartisan General Election – Special Election,6/9/2020,Henry,Brd of Education Dist 2,Josh Hinton (I),Advanced Voting Votes,Lowes,199
Presidential Preference Primary – General Primary – Nonpartisan General Election – Special Election,6/9/2020,Henry,Brd of Education Dist 2,Josh Hinton (I),Advanced Voting Votes,South Hampton,194
Presidential Preference Primary – General Primary – Nonpartisan General Election – Special Election,6/9/2020,Henry,Brd of Education Dist 2,Josh Hinton (I),Advanced Voting Votes,North Hampton,240
Presidential Preference Primary – General Primary – Nonpartisan General Election – Special Election,6/9/2020,Henry,Brd of Education Dist 2,Josh Hinton (I),Advanced Voting Votes,Mt Carmel,146
Presidential Preference Primary – General Primary – Nonpartisan General Election – Special Election,6/9/2020,Henry,Brd of Education Dist 2,Josh Hinton (I),Advanced Voting Votes,Pates Creek,155
Presidential Preference Primary – General Primary – Nonpartisan General Election – Special Election,6/9/2020,Henry,Brd of Education Dist 2,Josh Hinton (I),Advanced Voting Votes,Oakland,165
Presidential Preference Primary – General Primary – Nonpartisan General Election – Special Election,6/9/2020,Henry,Brd of Education Dist 2,Josh Hinton (I),Advanced Voting Votes,Dutchtown,105
Presidential Preference Primary – General Primary – Nonpartisan General Election – Special Election,6/9/2020,Henry,Brd of Education Dist 2,Josh Hinton (I),Absentee by Mail Votes,Lowes,407
Presidential Preference Primary – General Primary – Nonpartisan General Election – Special Election,6/9/2020,Henry,Brd of Education Dist 2,Josh Hinton (I),Absentee by Mail Votes,South Hampton,353
Presidential Preference Primary – General Primary – Nonpartisan General Election – Special Election,6/9/2020,Henry,Brd of Education Dist 2,Josh Hinton (I),Absentee by Mail Votes,North Hampton,478
Presidential Preference Primary – General Primary – Nonpartisan General Election – Special Election,6/9/2020,Henry,Brd of Education Dist 2,Josh Hinton (I),Absentee by Mail Votes,Mt Carmel,332
Presidential Preference Primary – General Primary – Nonpartisan General Election – Special Election,6/9/2020,Henry,Brd of Education Dist 2,Josh Hinton (I),Absentee by Mail Votes,Pates Creek,437
Presidential Preference Primary – General Primary – Nonpartisan General Election – Special Election,6/9/2020,Henry,Brd of Education Dist 2,Josh Hinton (I),Absentee by Mail Votes,Oakland,440
Presidential Preference Primary – General Primary – Nonpartisan General Election – Special Election,6/9/2020,Henry,Brd of Education Dist 2,Josh Hinton (I),Absentee by Mail Votes,Dutchtown,243
Presidential Preference Primary – General Primary – Nonpartisan General Election – Special Election,6/9/2020,Henry,Brd of Education Dist 2,Josh Hinton (I),Provisional Votes,Lowes,0
Presidential Preference Primary – General Primary – Nonpartisan General Election – Special Election,6/9/2020,Henry,Brd of Education Dist 2,Josh Hinton (I),Provisional Votes,South Hampton,0
Presidential Preference Primary – General Primary – Nonpartisan General Election – Special Election,6/9/2020,Henry,Brd of Education Dist 2,Josh Hinton (I),Provisional Votes,North Hampton,1
Presidential Preference Primary – General Primary – Nonpartisan General Election – Special Election,6/9/2020,Henry,Brd of Education Dist 2,Josh Hinton (I),Provisional Votes,Mt Carmel,1
Presidential Preference Primary – General Primary – Nonpartisan General Election – Special Election,6/9/2020,Henry,Brd of Education Dist 2,Josh Hinton (I),Provisional Votes,Pates Creek,0
Presidential Preference Primary – General Primary – Nonpartisan General Election – Special Election,6/9/2020,Henry,Brd of Education Dist 2,Josh Hinton (I),Provisional Votes,Oakland,0
Presidential Preference Primary – General Primary – Nonpartisan General Election – Special Election,6/9/2020,Henry,Brd of Education Dist 2,Josh Hinton (I),Provisional Votes,Dutchtown,0
Presidential Preference Primary – General Primary – Nonpartisan General Election – Special Election,6/9/2020,Henry,Brd of Education Dist 2,Makenzie McDaniel,Election Day Votes,Lowes,344
Presidential Preference Primary – General Primary – Nonpartisan General Election – Special Election,6/9/2020,Henry,Brd of Education Dist 2,Makenzie McDaniel,Election Day Votes,South Hampton,184
Presidential Preference Primary – General Primary – Nonpartisan General Election – Special Election,6/9/2020,Henry,Brd of Education Dist 2,Makenzie McDaniel,Election Day Votes,North Hampton,242
Presidential Preference Primary – General Primary – Nonpartisan General Election – Special Election,6/9/2020,Henry,Brd of Education Dist 2,Makenzie McDaniel,Election Day Votes,Mt Carmel,200
Presidential Preference Primary – General Primary – Nonpartisan General Election – Special Election,6/9/2020,Henry,Brd of Education Dist 2,Makenzie McDaniel,Election Day Votes,Pates Creek,109
Presidential Preference Primary – General Primary – Nonpartisan General Election – Special Election,6/9/2020,Henry,Brd of Education Dist 2,Makenzie McDaniel,Election Day Votes,Oakland,142
Presidential Preference Primary – General Primary – Nonpartisan General Election – Special Election,6/9/2020,Henry,Brd of Education Dist 2,Makenzie McDaniel,Election Day Votes,Dutchtown,77
Presidential Preference Primary – General Primary – Nonpartisan General Election – Special Election,6/9/2020,Henry,Brd of Education Dist 2,Makenzie McDaniel,Advanced Voting Votes,Lowes,158
Presidential Preference Primary – General Primary – Nonpartisan General Election – Special Election,6/9/2020,Henry,Brd of Education Dist 2,Makenzie McDaniel,Advanced Voting Votes,South Hampton,108
Presidential Preference Primary – General Primary – Nonpartisan General Election – Special Election,6/9/2020,Henry,Brd of Education Dist 2,Makenzie McDaniel,Advanced Voting Votes,North Hampton,161
Presidential Preference Primary – General Primary – Nonpartisan General Election – Special Election,6/9/2020,Henry,Brd of Education Dist 2,Makenzie McDaniel,Advanced Voting Votes,Mt Carmel,109
Presidential Preference Primary – General Primary – Nonpartisan General Election – Special Election,6/9/2020,Henry,Brd of Education Dist 2,Makenzie McDaniel,Advanced Voting Votes,Pates Creek,78
Presidential Preference Primary – General Primary – Nonpartisan General Election – Special Election,6/9/2020,Henry,Brd of Education Dist 2,Makenzie McDaniel,Advanced Voting Votes,Oakland,68
Presidential Preference Primary – General Primary – Nonpartisan General Election – Special Election,6/9/2020,Henry,Brd of Education Dist 2,Makenzie McDaniel,Advanced Voting Votes,Dutchtown,33
Presidential Preference Primary – General Primary – Nonpartisan General Election – Special Election,6/9/2020,Henry,Brd of Education Dist 2,Makenzie McDaniel,Absentee by Mail Votes,Lowes,228
Presidential Preference Primary – General Primary – Nonpartisan General Election – Special Election,6/9/2020,Henry,Brd of Education Dist 2,Makenzie McDaniel,Absentee by Mail Votes,South Hampton,135
Presidential Preference Primary – General Primary – Nonpartisan General Election – Special Election,6/9/2020,Henry,Brd of Education Dist 2,Makenzie McDaniel,Absentee by Mail Votes,North Hampton,149
Presidential Preference Primary – General Primary – Nonpartisan General Election – Special Election,6/9/2020,Henry,Brd of Education Dist 2,Makenzie McDaniel,Absentee by Mail Votes,Mt Carmel,119
Presidential Preference Primary – General Primary – Nonpartisan General Election – Special Election,6/9/2020,Henry,Brd of Education Dist 2,Makenzie McDaniel,Absentee by Mail Votes,Pates Creek,88
Presidential Preference Primary – General Primary – Nonpartisan General Election – Special Election,6/9/2020,Henry,Brd of Education Dist 2,Makenzie McDaniel,Absentee by Mail Votes,Oakland,91
Presidential Preference Primary – General Primary – Nonpartisan General Election – Special Election,6/9/2020,Henry,Brd of Education Dist 2,Makenzie McDaniel,Absentee by Mail Votes,Dutchtown,56
Presidential Preference Primary – General Primary – Nonpartisan General Election – Special Election,6/9/2020,Henry,Brd of Education Dist 2,Makenzie McDaniel,Provisional Votes,Lowes,1
Presidential Preference Primary – General Primary – Nonpartisan General Election – Special Election,6/9/2020,Henry,Brd of Education Dist 2,Makenzie McDaniel,Provisional Votes,South Hampton,1
Presidential Preference Primary – General Primary – Nonpartisan General Election – Special Election,6/9/2020,Henry,Brd of Education Dist 2,Makenzie McDaniel,Provisional Votes,North Hampton,2
Presidential Preference Primary – General Primary – Nonpartisan General Election – Special Election,6/9/2020,Henry,Brd of Education Dist 2,Makenzie McDaniel,Provisional Votes,Mt Carmel,2
Presidential Preference Primary – General Primary – Nonpartisan General Election – Special Election,6/9/2020,Henry,Brd of Education Dist 2,Makenzie McDaniel,Provisional Votes,Pates Creek,0
Presidential Preference Primary – General Primary – Nonpartisan General Election – Special Election,6/9/2020,Henry,Brd of Education Dist 2,Makenzie McDaniel,Provisional Votes,Oakland,0
Presidential Preference Primary – General Primary – Nonpartisan General Election – Special Election,6/9/2020,Henry,Brd of Education Dist 2,Makenzie McDaniel,Provisional Votes,Dutchtown,1
Presidential Preference Primary – General Primary – Nonpartisan General Election – Special Election,6/9/2020,Henry,Brd of Education Dist 2,Sharon McMeans-Lukiri,Election Day Votes,Lowes,172
Presidential Preference Primary – General Primary – Nonpartisan General Election – Special Election,6/9/2020,Henry,Brd of Education Dist 2,Sharon McMeans-Lukiri,Election Day Votes,South Hampton,89
Presidential Preference Primary – General Primary – Nonpartisan General Election – Special Election,6/9/2020,Henry,Brd of Education Dist 2,Sharon McMeans-Lukiri,Election Day Votes,North Hampton,122
Presidential Preference Primary – General Primary – Nonpartisan General Election – Special Election,6/9/2020,Henry,Brd of Education Dist 2,Sharon McMeans-Lukiri,Election Day Votes,Mt Carmel,111
Presidential Preference Primary – General Primary – Nonpartisan General Election – Special Election,6/9/2020,Henry,Brd of Education Dist 2,Sharon McMeans-Lukiri,Election Day Votes,Pates Creek,74
Presidential Preference Primary – General Primary – Nonpartisan General Election – Special Election,6/9/2020,Henry,Brd of Education Dist 2,Sharon McMeans-Lukiri,Election Day Votes,Oakland,81
Presidential Preference Primary – General Primary – Nonpartisan General Election – Special Election,6/9/2020,Henry,Brd of Education Dist 2,Sharon McMeans-Lukiri,Election Day Votes,Dutchtown,40
Presidential Preference Primary – General Primary – Nonpartisan General Election – Special Election,6/9/2020,Henry,Brd of Education Dist 2,Sharon McMeans-Lukiri,Advanced Voting Votes,Lowes,91
Presidential Preference Primary – General Primary – Nonpartisan General Election – Special Election,6/9/2020,Henry,Brd of Education Dist 2,Sharon McMeans-Lukiri,Advanced Voting Votes,South Hampton,32
Presidential Preference Primary – General Primary – Nonpartisan General Election – Special Election,6/9/2020,Henry,Brd of Education Dist 2,Sharon McMeans-Lukiri,Advanced Voting Votes,North Hampton,60
Presidential Preference Primary – General Primary – Nonpartisan General Election – Special Election,6/9/2020,Henry,Brd of Education Dist 2,Sharon McMeans-Lukiri,Advanced Voting Votes,Mt Carmel,46
Presidential Preference Primary – General Primary – Nonpartisan General Election – Special Election,6/9/2020,Henry,Brd of Education Dist 2,Sharon McMeans-Lukiri,Advanced Voting Votes,Pates Creek,36
Presidential Preference Primary – General Primary – Nonpartisan General Election – Special Election,6/9/2020,Henry,Brd of Education Dist 2,Sharon McMeans-Lukiri,Advanced Voting Votes,Oakland,38
Presidential Preference Primary – General Primary – Nonpartisan General Election – Special Election,6/9/2020,Henry,Brd of Education Dist 2,Sharon McMeans-Lukiri,Advanced Voting Votes,Dutchtown,17
Presidential Preference Primary – General Primary – Nonpartisan General Election – Special Election,6/9/2020,Henry,Brd of Education Dist 2,Sharon McMeans-Lukiri,Absentee by Mail Votes,Lowes,170
Presidential Preference Primary – General Primary – Nonpartisan General Election – Special Election,6/9/2020,Henry,Brd of Education Dist 2,Sharon McMeans-Lukiri,Absentee by Mail Votes,South Hampton,77
Presidential Preference Primary – General Primary – Nonpartisan General Election – Special Election,6/9/2020,Henry,Brd of Education Dist 2,Sharon McMeans-Lukiri,Absentee by Mail Votes,North Hampton,134
Presidential Preference Primary – General Primary – Nonpartisan General Election – Special Election,6/9/2020,Henry,Brd of Education Dist 2,Sharon McMeans-Lukiri,Absentee by Mail Votes,Mt Carmel,94
Presidential Preference Primary – General Primary – Nonpartisan General Election – Special Election,6/9/2020,Henry,Brd of Education Dist 2,Sharon McMeans-Lukiri,Absentee by Mail Votes,Pates Creek,98
Presidential Preference Primary – General Primary – Nonpartisan General Election – Special Election,6/9/2020,Henry,Brd of Education Dist 2,Sharon McMeans-Lukiri,Absentee by Mail Votes,Oakland,107
Presidential Preference Primary – General Primary – Nonpartisan General Election – Special Election,6/9/2020,Henry,Brd of Education Dist 2,Sharon McMeans-Lukiri,Absentee by Mail Votes,Dutchtown,55
Presidential Preference Primary – General Primary – Nonpartisan General Election – Special Election,6/9/2020,Henry,Brd of Education Dist 2,Sharon McMeans-Lukiri,Provisional Votes,Lowes,0
Presidential Preference Primary – General Primary – Nonpartisan General Election – Special Election,6/9/2020,Henry,Brd of Education Dist 2,Sharon McMeans-Lukiri,Provisional Votes,South Hampton,1
Presidential Preference Primary – General Primary – Nonpartisan General Election – Special Election,6/9/2020,Henry,Brd of Education Dist 2,Sharon McMeans-Lukiri,Provisional Votes,North Hampton,1
Presidential Preference Primary – General Primary – Nonpartisan General Election – Special Election,6/9/2020,Henry,Brd of Education Dist 2,Sharon McMeans-Lukiri,Provisional Votes,Mt Carmel,0
Presidential Preference Primary – General Primary – Nonpartisan General Election – Special Election,6/9/2020,Henry,Brd of Education Dist 2,Sharon McMeans-Lukiri,Provisional Votes,Pates Creek,0
Presidential Preference Primary – General Primary – Nonpartisan General Election – Special Election,6/9/2020,Henry,Brd of Education Dist 2,Sharon McMeans-Lukiri,Provisional Votes,Oakland,0
Presidential Preference Primary – General Primary – Nonpartisan General Election – Special Election,6/9/2020,Henry,Brd of Education Dist 2,Sharon McMeans-Lukiri,Provisional Votes,Dutchtown,0
Presidential Preference Primary – General Primary – Nonpartisan General Election – Special Election,6/9/2020,Henry,Brd of Education Dist 2,Gewel Richardson,Election Day Votes,Lowes,125
Presidential Preference Primary – General Primary – Nonpartisan General Election – Special Election,6/9/2020,Henry,Brd of Education Dist 2,Gewel Richardson,Election Day Votes,South Hampton,114
Presidential Preference Primary – General Primary – Nonpartisan General Election – Special Election,6/9/2020,Henry,Brd of Education Dist 2,Gewel Richardson,Election Day Votes,North Hampton,111
Presidential Preference Primary – General Primary – Nonpartisan General Election – Special Election,6/9/2020,Henry,Brd of Education Dist 2,Gewel Richardson,Election Day Votes,Mt Carmel,300
Presidential Preference Primary – General Primary – Nonpartisan General Election – Special Election,6/9/2020,Henry,Brd of Education Dist 2,Gewel Richardson,Election Day Votes,Pates Creek,104
Presidential Preference Primary – General Primary – Nonpartisan General Election – Special Election,6/9/2020,Henry,Brd of Education Dist 2,Gewel Richardson,Election Day Votes,Oakland,81
Presidential Preference Primary – General Primary – Nonpartisan General Election – Special Election,6/9/2020,Henry,Brd of Education Dist 2,Gewel Richardson,Election Day Votes,Dutchtown,60
Presidential Preference Primary – General Primary – Nonpartisan General Election – Special Election,6/9/2020,Henry,Brd of Education Dist 2,Gewel Richardson,Advanced Voting Votes,Lowes,87
Presidential Preference Primary – General Primary – Nonpartisan General Election – Special Election,6/9/2020,Henry,Brd of Education Dist 2,Gewel Richardson,Advanced Voting Votes,South Hampton,37
Presidential Preference Primary – General Primary – Nonpartisan General Election – Special Election,6/9/2020,Henry,Brd of Education Dist 2,Gewel Richardson,Advanced Voting Votes,North Hampton,68
Presidential Preference Primary – General Primary – Nonpartisan General Election – Special Election,6/9/2020,Henry,Brd of Education Dist 2,Gewel Richardson,Advanced Voting Votes,Mt Carmel,195
Presidential Preference Primary – General Primary – Nonpartisan General Election – Special Election,6/9/2020,Henry,Brd of Education Dist 2,Gewel Richardson,Advanced Voting Votes,Pates Creek,67
Presidential Preference Primary – General Primary – Nonpartisan General Election – Special Election,6/9/2020,Henry,Brd of Education Dist 2,Gewel Richardson,Advanced Voting Votes,Oakland,52
Presidential Preference Primary – General Primary – Nonpartisan General Election – Special Election,6/9/2020,Henry,Brd of Education Dist 2,Gewel Richardson,Advanced Voting Votes,Dutchtown,34
Presidential Preference Primary – General Primary – Nonpartisan General Election – Special Election,6/9/2020,Henry,Brd of Education Dist 2,Gewel Richardson,Absentee by Mail Votes,Lowes,136
Presidential Preference Primary – General Primary – Nonpartisan General Election – Special Election,6/9/2020,Henry,Brd of Education Dist 2,Gewel Richardson,Absentee by Mail Votes,South Hampton,73
Presidential Preference Primary – General Primary – Nonpartisan General Election – Special Election,6/9/2020,Henry,Brd of Education Dist 2,Gewel Richardson,Absentee by Mail Votes,North Hampton,99
Presidential Preference Primary – General Primary – Nonpartisan General Election – Special Election,6/9/2020,Henry,Brd of Education Dist 2,Gewel Richardson,Absentee by Mail Votes,Mt Carmel,212
Presidential Preference Primary – General Primary – Nonpartisan General Election – Special Election,6/9/2020,Henry,Brd of Education Dist 2,Gewel Richardson,Absentee by Mail Votes,Pates Creek,118
Presidential Preference Primary – General Primary – Nonpartisan General Election – Special Election,6/9/2020,Henry,Brd of Education Dist 2,Gewel Richardson,Absentee by Mail Votes,Oakland,97
Presidential Preference Primary – General Primary – Nonpartisan General Election – Special Election,6/9/2020,Henry,Brd of Education Dist 2,Gewel Richardson,Absentee by Mail Votes,Dutchtown,43
Presidential Preference Primary – General Primary – Nonpartisan General Election – Special Election,6/9/2020,Henry,Brd of Education Dist 2,Gewel Richardson,Provisional Votes,Lowes,0
Presidential Preference Primary – General Primary – Nonpartisan General Election – Special Election,6/9/2020,Henry,Brd of Education Dist 2,Gewel Richardson,Provisional Votes,South Hampton,0
Presidential Preference Primary – General Primary – Nonpartisan General Election – Special Election,6/9/2020,Henry,Brd of Education Dist 2,Gewel Richardson,Provisional Votes,North Hampton,0
Presidential Preference Primary – General Primary – Nonpartisan General Election – Special Election,6/9/2020,Henry,Brd of Education Dist 2,Gewel Richardson,Provisional Votes,Mt Carmel,2
Presidential Preference Primary – General Primary – Nonpartisan General Election – Special Election,6/9/2020,Henry,Brd of Education Dist 2,Gewel Richardson,Provisional Votes,Pates Creek,0
Presidential Preference Primary – General Primary – Nonpartisan General Election – Special Election,6/9/2020,Henry,Brd of Education Dist 2,Gewel Richardson,Provisional Votes,Oakland,0
Presidential Preference Primary – General Primary – Nonpartisan General Election – Special Election,6/9/2020,Henry,Brd of Education Dist 2,Gewel Richardson,Provisional Votes,Dutchtown,0
Presidential Preference Primary – General Primary – Nonpartisan General Election – Special Election,6/9/2020,Henry,Brd of Education Dist 3,Holly Carter Cobb (I),Election Day Votes,Westside,68
Presidential Preference Primary – General Primary – Nonpartisan General Election – Special Election,6/9/2020,Henry,Brd of Education Dist 3,Holly Carter Cobb (I),Election Day Votes,Wesley Lakes,196
Presidential Preference Primary – General Primary – Nonpartisan General Election – Special Election,6/9/2020,Henry,Brd of Education Dist 3,Holly Carter Cobb (I),Election Day Votes,McDonough,116
Presidential Preference Primary – General Primary – Nonpartisan General Election – Special Election,6/9/2020,Henry,Brd of Education Dist 3,Holly Carter Cobb (I),Election Day Votes,McMullen,421
Presidential Preference Primary – General Primary – Nonpartisan General Election – Special Election,6/9/2020,Henry,Brd of Education Dist 3,Holly Carter Cobb (I),Election Day Votes,East Lake,225
Presidential Preference Primary – General Primary – Nonpartisan General Election – Special Election,6/9/2020,Henry,Brd of Education Dist 3,Holly Carter Cobb (I),Election Day Votes,Hickory Flat,65
Presidential Preference Primary – General Primary – Nonpartisan General Election – Special Election,6/9/2020,Henry,Brd of Education Dist 3,Holly Carter Cobb (I),Election Day Votes,Lake Dow,404
Presidential Preference Primary – General Primary – Nonpartisan General Election – Special Election,6/9/2020,Henry,Brd of Education Dist 3,Holly Carter Cobb (I),Election Day Votes,Mt Bethel,414
Presidential Preference Primary – General Primary – Nonpartisan General Election – Special Election,6/9/2020,Henry,Brd of Education Dist 3,Holly Carter Cobb (I),Election Day Votes,Lake Haven,297
Presidential Preference Primary – General Primary – Nonpartisan General Election – Special Election,6/9/2020,Henry,Brd of Education Dist 3,Holly Carter Cobb (I),Election Day Votes,McDonough Central,226
Presidential Preference Primary – General Primary – Nonpartisan General Election – Special Election,6/9/2020,Henry,Brd of Education Dist 3,Holly Carter Cobb (I),Election Day Votes,Timberridge,231
Presidential Preference Primary – General Primary – Nonpartisan General Election – Special Election,6/9/2020,Henry,Brd of Education Dist 3,Holly Carter Cobb (I),Advanced Voting Votes,Westside,54
Presidential Preference Primary – General Primary – Nonpartisan General Election – Special Election,6/9/2020,Henry,Brd of Education Dist 3,Holly Carter Cobb (I),Advanced Voting Votes,Wesley Lakes,167
Presidential Preference Primary – General Primary – Nonpartisan General Election – Special Election,6/9/2020,Henry,Brd of Education Dist 3,Holly Carter Cobb (I),Advanced Voting Votes,McDonough,74
Presidential Preference Primary – General Primary – Nonpartisan General Election – Special Election,6/9/2020,Henry,Brd of Education Dist 3,Holly Carter Cobb (I),Advanced Voting Votes,McMullen,170
Presidential Preference Primary – General Primary – Nonpartisan General Election – Special Election,6/9/2020,Henry,Brd of Education Dist 3,Holly Carter Cobb (I),Advanced Voting Votes,East Lake,123
Presidential Preference Primary – General Primary – Nonpartisan General Election – Special Election,6/9/2020,Henry,Brd of Education Dist 3,Holly Carter Cobb (I),Advanced Voting Votes,Hickory Flat,52
Presidential Preference Primary – General Primary – Nonpartisan General Election – Special Election,6/9/2020,Henry,Brd of Education Dist 3,Holly Carter Cobb (I),Advanced Voting Votes,Lake Dow,266
Presidential Preference Primary – General Primary – Nonpartisan General Election – Special Election,6/9/2020,Henry,Brd of Education Dist 3,Holly Carter Cobb (I),Advanced Voting Votes,Mt Bethel,98
Presidential Preference Primary – General Primary – Nonpartisan General Election – Special Election,6/9/2020,Henry,Brd of Education Dist 3,Holly Carter Cobb (I),Advanced Voting Votes,Lake Haven,195
Presidential Preference Primary – General Primary – Nonpartisan General Election – Special Election,6/9/2020,Henry,Brd of Education Dist 3,Holly Carter Cobb (I),Advanced Voting Votes,McDonough Central,210
Presidential Preference Primary – General Primary – Nonpartisan General Election – Special Election,6/9/2020,Henry,Brd of Education Dist 3,Holly Carter Cobb (I),Advanced Voting Votes,Timberridge,72
Presidential Preference Primary – General Primary – Nonpartisan General Election – Special Election,6/9/2020,Henry,Brd of Education Dist 3,Holly Carter Cobb (I),Absentee by Mail Votes,Westside,111
Presidential Preference Primary – General Primary – Nonpartisan General Election – Special Election,6/9/2020,Henry,Brd of Education Dist 3,Holly Carter Cobb (I),Absentee by Mail Votes,Wesley Lakes,306
Presidential Preference Primary – General Primary – Nonpartisan General Election – Special Election,6/9/2020,Henry,Brd of Education Dist 3,Holly Carter Cobb (I),Absentee by Mail Votes,McDonough,214
Presidential Preference Primary – General Primary – Nonpartisan General Election – Special Election,6/9/2020,Henry,Brd of Education Dist 3,Holly Carter Cobb (I),Absentee by Mail Votes,McMullen,326
Presidential Preference Primary – General Primary – Nonpartisan General Election – Special Election,6/9/2020,Henry,Brd of Education Dist 3,Holly Carter Cobb (I),Absentee by Mail Votes,East Lake,236
Presidential Preference Primary – General Primary – Nonpartisan General Election – Special Election,6/9/2020,Henry,Brd of Education Dist 3,Holly Carter Cobb (I),Absentee by Mail Votes,Hickory Flat,69
Presidential Preference Primary – General Primary – Nonpartisan General Election – Special Election,6/9/2020,Henry,Brd of Education Dist 3,Holly Carter Cobb (I),Absentee by Mail Votes,Lake Dow,591
Presidential Preference Primary – General Primary – Nonpartisan General Election – Special Election,6/9/2020,Henry,Brd of Education Dist 3,Holly Carter Cobb (I),Absentee by Mail Votes,Mt Bethel,246
Presidential Preference Primary – General Primary – Nonpartisan General Election – Special Election,6/9/2020,Henry,Brd of Education Dist 3,Holly Carter Cobb (I),Absentee by Mail Votes,Lake Haven,373
Presidential Preference Primary – General Primary – Nonpartisan General Election – Special Election,6/9/2020,Henry,Brd of Education Dist 3,Holly Carter Cobb (I),Absentee by Mail Votes,McDonough Central,448
Presidential Preference Primary – General Primary – Nonpartisan General Election – Special Election,6/9/2020,Henry,Brd of Education Dist 3,Holly Carter Cobb (I),Absentee by Mail Votes,Timberridge,171
Presidential Preference Primary – General Primary – Nonpartisan General Election – Special Election,6/9/2020,Henry,Brd of Education Dist 3,Holly Carter Cobb (I),Provisional Votes,Westside,0
Presidential Preference Primary – General Primary – Nonpartisan General Election – Special Election,6/9/2020,Henry,Brd of Education Dist 3,Holly Carter Cobb (I),Provisional Votes,Wesley Lakes,1
Presidential Preference Primary – General Primary – Nonpartisan General Election – Special Election,6/9/2020,Henry,Brd of Education Dist 3,Holly Carter Cobb (I),Provisional Votes,McDonough,0
Presidential Preference Primary – General Primary – Nonpartisan General Election – Special Election,6/9/2020,Henry,Brd of Education Dist 3,Holly Carter Cobb (I),Provisional Votes,McMullen,0
Presidential Preference Primary – General Primary – Nonpartisan General Election – Special Election,6/9/2020,Henry,Brd of Education Dist 3,Holly Carter Cobb (I),Provisional Votes,East Lake,0
Presidential Preference Primary – General Primary – Nonpartisan General Election – Special Election,6/9/2020,Henry,Brd of Education Dist 3,Holly Carter Cobb (I),Provisional Votes,Hickory Flat,0
Presidential Preference Primary – General Primary – Nonpartisan General Election – Special Election,6/9/2020,Henry,Brd of Education Dist 3,Holly Carter Cobb (I),Provisional Votes,Lake Dow,0
Presidential Preference Primary – General Primary – Nonpartisan General Election – Special Election,6/9/2020,Henry,Brd of Education Dist 3,Holly Carter Cobb (I),Provisional Votes,Mt Bethel,1
Presidential Preference Primary – General Primary – Nonpartisan General Election – Special Election,6/9/2020,Henry,Brd of Education Dist 3,Holly Carter Cobb (I),Provisional Votes,Lake Haven,0
Presidential Preference Primary – General Primary – Nonpartisan General Election – Special Election,6/9/2020,Henry,Brd of Education Dist 3,Holly Carter Cobb (I),Provisional Votes,McDonough Central,1
Presidential Preference Primary – General Primary – Nonpartisan General Election – Special Election,6/9/2020,Henry,Brd of Education Dist 3,Holly Carter Cobb (I),Provisional Votes,Timberridge,1
Presidential Preference Primary – General Primary – Nonpartisan General Election – Special Election,6/9/2020,Henry,Brd of Education Dist 3,Deborah Sykes,Election Day Votes,Westside,181
Presidential Preference Primary – General Primary – Nonpartisan General Election – Special Election,6/9/2020,Henry,Brd of Education Dist 3,Deborah Sykes,Election Day Votes,Wesley Lakes,491
Presidential Preference Primary – General Primary – Nonpartisan General Election – Special Election,6/9/2020,Henry,Brd of Education Dist 3,Deborah Sykes,Election Day Votes,McDonough,200
Presidential Preference Primary – General Primary – Nonpartisan General Election – Special Election,6/9/2020,Henry,Brd of Education Dist 3,Deborah Sykes,Election Day Votes,McMullen,158
Presidential Preference Primary – General Primary – Nonpartisan General Election – Special Election,6/9/2020,Henry,Brd of Education Dist 3,Deborah Sykes,Election Day Votes,East Lake,56
Presidential Preference Primary – General Primary – Nonpartisan General Election – Special Election,6/9/2020,Henry,Brd of Education Dist 3,Deborah Sykes,Election Day Votes,Hickory Flat,29
Presidential Preference Primary – General Primary – Nonpartisan General Election – Special Election,6/9/2020,Henry,Brd of Education Dist 3,Deborah Sykes,Election Day Votes,Lake Dow,222
Presidential Preference Primary – General Primary – Nonpartisan General Election – Special Election,6/9/2020,Henry,Brd of Education Dist 3,Deborah Sykes,Election Day Votes,Mt Bethel,123
Presidential Preference Primary – General Primary – Nonpartisan General Election – Special Election,6/9/2020,Henry,Brd of Education Dist 3,Deborah Sykes,Election Day Votes,Lake Haven,269
Presidential Preference Primary – General Primary – Nonpartisan General Election – Special Election,6/9/2020,Henry,Brd of Education Dist 3,Deborah Sykes,Election Day Votes,McDonough Central,255
Presidential Preference Primary – General Primary – Nonpartisan General Election – Special Election,6/9/2020,Henry,Brd of Education Dist 3,Deborah Sykes,Election Day Votes,Timberridge,76
Presidential Preference Primary – General Primary – Nonpartisan General Election – Special Election,6/9/2020,Henry,Brd of Education Dist 3,Deborah Sykes,Advanced Voting Votes,Westside,83
Presidential Preference Primary – General Primary – Nonpartisan General Election – Special Election,6/9/2020,Henry,Brd of Education Dist 3,Deborah Sykes,Advanced Voting Votes,Wesley Lakes,266
Presidential Preference Primary – General Primary – Nonpartisan General Election – Special Election,6/9/2020,Henry,Brd of Education Dist 3,Deborah Sykes,Advanced Voting Votes,McDonough,93
Presidential Preference Primary – General Primary – Nonpartisan General Election – Special Election,6/9/2020,Henry,Brd of Education Dist 3,Deborah Sykes,Advanced Voting Votes,McMullen,77
Presidential Preference Primary – General Primary – Nonpartisan General Election – Special Election,6/9/2020,Henry,Brd of Education Dist 3,Deborah Sykes,Advanced Voting Votes,East Lake,42
Presidential Preference Primary – General Primary – Nonpartisan General Election – Special Election,6/9/2020,Henry,Brd of Education Dist 3,Deborah Sykes,Advanced Voting Votes,Hickory Flat,10
Presidential Preference Primary – General Primary – Nonpartisan General Election – Special Election,6/9/2020,Henry,Brd of Education Dist 3,Deborah Sykes,Advanced Voting Votes,Lake Dow,118
Presidential Preference Primary – General Primary – Nonpartisan General Election – Special Election,6/9/2020,Henry,Brd of Education Dist 3,Deborah Sykes,Advanced Voting Votes,Mt Bethel,48
Presidential Preference Primary – General Primary – Nonpartisan General Election – Special Election,6/9/2020,Henry,Brd of Education Dist 3,Deborah Sykes,Advanced Voting Votes,Lake Haven,137
Presidential Preference Primary – General Primary – Nonpartisan General Election – Special Election,6/9/2020,Henry,Brd of Education Dist 3,Deborah Sykes,Advanced Voting Votes,McDonough Central,175
Presidential Preference Primary – General Primary – Nonpartisan General Election – Special Election,6/9/2020,Henry,Brd of Education Dist 3,Deborah Sykes,Advanced Voting Votes,Timberridge,45
Presidential Preference Primary – General Primary – Nonpartisan General Election – Special Election,6/9/2020,Henry,Brd of Education Dist 3,Deborah Sykes,Absentee by Mail Votes,Westside,142
Presidential Preference Primary – General Primary – Nonpartisan General Election – Special Election,6/9/2020,Henry,Brd of Education Dist 3,Deborah Sykes,Absentee by Mail Votes,Wesley Lakes,328
Presidential Preference Primary – General Primary – Nonpartisan General Election – Special Election,6/9/2020,Henry,Brd of Education Dist 3,Deborah Sykes,Absentee by Mail Votes,McDonough,198
Presidential Preference Primary – General Primary – Nonpartisan General Election – Special Election,6/9/2020,Henry,Brd of Education Dist 3,Deborah Sykes,Absentee by Mail Votes,McMullen,134
Presidential Preference Primary – General Primary – Nonpartisan General Election – Special Election,6/9/2020,Henry,Brd of Education Dist 3,Deborah Sykes,Absentee by Mail Votes,East Lake,78
Presidential Preference Primary – General Primary – Nonpartisan General Election – Special Election,6/9/2020,Henry,Brd of Education Dist 3,Deborah Sykes,Absentee by Mail Votes,Hickory Flat,17
Presidential Preference Primary – General Primary – Nonpartisan General Election – Special Election,6/9/2020,Henry,Brd of Education Dist 3,Deborah Sykes,Absentee by Mail Votes,Lake Dow,201
Presidential Preference Primary – General Primary – Nonpartisan General Election – Special Election,6/9/2020,Henry,Brd of Education Dist 3,Deborah Sykes,Absentee by Mail Votes,Mt Bethel,136
Presidential Preference Primary – General Primary – Nonpartisan General Election – Special Election,6/9/2020,Henry,Brd of Education Dist 3,Deborah Sykes,Absentee by Mail Votes,Lake Haven,166
Presidential Preference Primary – General Primary – Nonpartisan General Election – Special Election,6/9/2020,Henry,Brd of Education Dist 3,Deborah Sykes,Absentee by Mail Votes,McDonough Central,213
Presidential Preference Primary – General Primary – Nonpartisan General Election – Special Election,6/9/2020,Henry,Brd of Education Dist 3,Deborah Sykes,Absentee by Mail Votes,Timberridge,61
Presidential Preference Primary – General Primary – Nonpartisan General Election – Special Election,6/9/2020,Henry,Brd of Education Dist 3,Deborah Sykes,Provisional Votes,Westside,0
Presidential Preference Primary – General Primary – Nonpartisan General Election – Special Election,6/9/2020,Henry,Brd of Education Dist 3,Deborah Sykes,Provisional Votes,Wesley Lakes,3
Presidential Preference Primary – General Primary – Nonpartisan General Election – Special Election,6/9/2020,Henry,Brd of Education Dist 3,Deborah Sykes,Provisional Votes,McDonough,0
Presidential Preference Primary – General Primary – Nonpartisan General Election – Special Election,6/9/2020,Henry,Brd of Education Dist 3,Deborah Sykes,Provisional Votes,McMullen,0
Presidential Preference Primary – General Primary – Nonpartisan General Election – Special Election,6/9/2020,Henry,Brd of Education Dist 3,Deborah Sykes,Provisional Votes,East Lake,0
Presidential Preference Primary – General Primary – Nonpartisan General Election – Special Election,6/9/2020,Henry,Brd of Education Dist 3,Deborah Sykes,Provisional Votes,Hickory Flat,0
Presidential Preference Primary – General Primary – Nonpartisan General Election – Special Election,6/9/2020,Henry,Brd of Education Dist 3,Deborah Sykes,Provisional Votes,Lake Dow,0
Presidential Preference Primary – General Primary – Nonpartisan General Election – Special Election,6/9/2020,Henry,Brd of Education Dist 3,Deborah Sykes,Provisional Votes,Mt Bethel,0
Presidential Preference Primary – General Primary – Nonpartisan General Election – Special Election,6/9/2020,Henry,Brd of Education Dist 3,Deborah Sykes,Provisional Votes,Lake Haven,3
Presidential Preference Primary – General Primary – Nonpartisan General Election – Special Election,6/9/2020,Henry,Brd of Education Dist 3,Deborah Sykes,Provisional Votes,McDonough Central,1
Presidential Preference Primary – General Primary – Nonpartisan General Election – Special Election,6/9/2020,Henry,Brd of Education Dist 3,Deborah Sykes,Provisional Votes,Timberridge,0
