election,date,county,contest,choice,voting_method,precinct,num_votes
Presidential Preference Primary – General Primary – Nonpartisan General Election – Special Election,6/9/2020,Columbia,REP - Co Commission Dist 2,Lee Benedict,Election Day Votes,Woodlawn Baptist Church,6
Presidential Preference Primary – General Primary – Nonpartisan General Election – Special Election,6/9/2020,Columbia,REP - Co Commission Dist 2,Lee Benedict,Election Day Votes,Blanchard Park,18
Presidential Preference Primary – General Primary – Nonpartisan General Election – Special Election,6/9/2020,Columbia,REP - Co Commission Dist 2,Lee Benedict,Election Day Votes,Belair Baptist Church,18
Presidential Preference Primary – General Primary – Nonpartisan General Election – Special Election,6/9/2020,Columbia,REP - Co Commission Dist 2,Lee Benedict,Election Day Votes,Marvin Methodist,28
Presidential Preference Primary – General Primary – Nonpartisan General Election – Special Election,6/9/2020,Columbia,REP - Co Commission Dist 2,Lee Benedict,Election Day Votes,Westside Baptist Church,15
Presidential Preference Primary – General Primary – Nonpartisan General Election – Special Election,6/9/2020,Columbia,REP - Co Commission Dist 2,Lee Benedict,Election Day Votes,Trinity Baptist Church,44
Presidential Preference Primary – General Primary – Nonpartisan General Election – Special Election,6/9/2020,Columbia,REP - Co Commission Dist 2,Lee Benedict,Election Day Votes,Abilene Baptist,23
Presidential Preference Primary – General Primary – Nonpartisan General Election – Special Election,6/9/2020,Columbia,REP - Co Commission Dist 2,Lee Benedict,Election Day Votes,Mtz Col Fire Hdqtr,10
Presidential Preference Primary – General Primary – Nonpartisan General Election – Special Election,6/9/2020,Columbia,REP - Co Commission Dist 2,Lee Benedict,Election Day Votes,Martinez Baptist,22
Presidential Preference Primary – General Primary – Nonpartisan General Election – Special Election,6/9/2020,Columbia,REP - Co Commission Dist 2,Lee Benedict,Election Day Votes,Gold Cross EMS,16
Presidential Preference Primary – General Primary – Nonpartisan General Election – Special Election,6/9/2020,Columbia,REP - Co Commission Dist 2,Lee Benedict,Election Day Votes,Church of Our Savior,21
Presidential Preference Primary – General Primary – Nonpartisan General Election – Special Election,6/9/2020,Columbia,REP - Co Commission Dist 2,Lee Benedict,Advanced Voting Votes,Woodlawn Baptist Church,2
Presidential Preference Primary – General Primary – Nonpartisan General Election – Special Election,6/9/2020,Columbia,REP - Co Commission Dist 2,Lee Benedict,Advanced Voting Votes,Blanchard Park,7
Presidential Preference Primary – General Primary – Nonpartisan General Election – Special Election,6/9/2020,Columbia,REP - Co Commission Dist 2,Lee Benedict,Advanced Voting Votes,Belair Baptist Church,4
Presidential Preference Primary – General Primary – Nonpartisan General Election – Special Election,6/9/2020,Columbia,REP - Co Commission Dist 2,Lee Benedict,Advanced Voting Votes,Marvin Methodist,3
Presidential Preference Primary – General Primary – Nonpartisan General Election – Special Election,6/9/2020,Columbia,REP - Co Commission Dist 2,Lee Benedict,Advanced Voting Votes,Westside Baptist Church,2
Presidential Preference Primary – General Primary – Nonpartisan General Election – Special Election,6/9/2020,Columbia,REP - Co Commission Dist 2,Lee Benedict,Advanced Voting Votes,Trinity Baptist Church,5
Presidential Preference Primary – General Primary – Nonpartisan General Election – Special Election,6/9/2020,Columbia,REP - Co Commission Dist 2,Lee Benedict,Advanced Voting Votes,Abilene Baptist,8
Presidential Preference Primary – General Primary – Nonpartisan General Election – Special Election,6/9/2020,Columbia,REP - Co Commission Dist 2,Lee Benedict,Advanced Voting Votes,Mtz Col Fire Hdqtr,2
Presidential Preference Primary – General Primary – Nonpartisan General Election – Special Election,6/9/2020,Columbia,REP - Co Commission Dist 2,Lee Benedict,Advanced Voting Votes,Martinez Baptist,2
Presidential Preference Primary – General Primary – Nonpartisan General Election – Special Election,6/9/2020,Columbia,REP - Co Commission Dist 2,Lee Benedict,Advanced Voting Votes,Gold Cross EMS,3
Presidential Preference Primary – General Primary – Nonpartisan General Election – Special Election,6/9/2020,Columbia,REP - Co Commission Dist 2,Lee Benedict,Advanced Voting Votes,Church of Our Savior,1
Presidential Preference Primary – General Primary – Nonpartisan General Election – Special Election,6/9/2020,Columbia,REP - Co Commission Dist 2,Lee Benedict,Absentee by Mail Votes,Woodlawn Baptist Church,12
Presidential Preference Primary – General Primary – Nonpartisan General Election – Special Election,6/9/2020,Columbia,REP - Co Commission Dist 2,Lee Benedict,Absentee by Mail Votes,Blanchard Park,14
Presidential Preference Primary – General Primary – Nonpartisan General Election – Special Election,6/9/2020,Columbia,REP - Co Commission Dist 2,Lee Benedict,Absentee by Mail Votes,Belair Baptist Church,23
Presidential Preference Primary – General Primary – Nonpartisan General Election – Special Election,6/9/2020,Columbia,REP - Co Commission Dist 2,Lee Benedict,Absentee by Mail Votes,Marvin Methodist,13
Presidential Preference Primary – General Primary – Nonpartisan General Election – Special Election,6/9/2020,Columbia,REP - Co Commission Dist 2,Lee Benedict,Absentee by Mail Votes,Westside Baptist Church,36
Presidential Preference Primary – General Primary – Nonpartisan General Election – Special Election,6/9/2020,Columbia,REP - Co Commission Dist 2,Lee Benedict,Absentee by Mail Votes,Trinity Baptist Church,48
Presidential Preference Primary – General Primary – Nonpartisan General Election – Special Election,6/9/2020,Columbia,REP - Co Commission Dist 2,Lee Benedict,Absentee by Mail Votes,Abilene Baptist,31
Presidential Preference Primary – General Primary – Nonpartisan General Election – Special Election,6/9/2020,Columbia,REP - Co Commission Dist 2,Lee Benedict,Absentee by Mail Votes,Mtz Col Fire Hdqtr,13
Presidential Preference Primary – General Primary – Nonpartisan General Election – Special Election,6/9/2020,Columbia,REP - Co Commission Dist 2,Lee Benedict,Absentee by Mail Votes,Martinez Baptist,23
Presidential Preference Primary – General Primary – Nonpartisan General Election – Special Election,6/9/2020,Columbia,REP - Co Commission Dist 2,Lee Benedict,Absentee by Mail Votes,Gold Cross EMS,52
Presidential Preference Primary – General Primary – Nonpartisan General Election – Special Election,6/9/2020,Columbia,REP - Co Commission Dist 2,Lee Benedict,Absentee by Mail Votes,Church of Our Savior,33
Presidential Preference Primary – General Primary – Nonpartisan General Election – Special Election,6/9/2020,Columbia,REP - Co Commission Dist 2,Lee Benedict,Provisional Votes,Woodlawn Baptist Church,0
Presidential Preference Primary – General Primary – Nonpartisan General Election – Special Election,6/9/2020,Columbia,REP - Co Commission Dist 2,Lee Benedict,Provisional Votes,Blanchard Park,0
Presidential Preference Primary – General Primary – Nonpartisan General Election – Special Election,6/9/2020,Columbia,REP - Co Commission Dist 2,Lee Benedict,Provisional Votes,Belair Baptist Church,0
Presidential Preference Primary – General Primary – Nonpartisan General Election – Special Election,6/9/2020,Columbia,REP - Co Commission Dist 2,Lee Benedict,Provisional Votes,Marvin Methodist,0
Presidential Preference Primary – General Primary – Nonpartisan General Election – Special Election,6/9/2020,Columbia,REP - Co Commission Dist 2,Lee Benedict,Provisional Votes,Westside Baptist Church,0
Presidential Preference Primary – General Primary – Nonpartisan General Election – Special Election,6/9/2020,Columbia,REP - Co Commission Dist 2,Lee Benedict,Provisional Votes,Trinity Baptist Church,0
Presidential Preference Primary – General Primary – Nonpartisan General Election – Special Election,6/9/2020,Columbia,REP - Co Commission Dist 2,Lee Benedict,Provisional Votes,Abilene Baptist,0
Presidential Preference Primary – General Primary – Nonpartisan General Election – Special Election,6/9/2020,Columbia,REP - Co Commission Dist 2,Lee Benedict,Provisional Votes,Mtz Col Fire Hdqtr,0
Presidential Preference Primary – General Primary – Nonpartisan General Election – Special Election,6/9/2020,Columbia,REP - Co Commission Dist 2,Lee Benedict,Provisional Votes,Martinez Baptist,0
Presidential Preference Primary – General Primary – Nonpartisan General Election – Special Election,6/9/2020,Columbia,REP - Co Commission Dist 2,Lee Benedict,Provisional Votes,Gold Cross EMS,0
Presidential Preference Primary – General Primary – Nonpartisan General Election – Special Election,6/9/2020,Columbia,REP - Co Commission Dist 2,Lee Benedict,Provisional Votes,Church of Our Savior,0
Presidential Preference Primary – General Primary – Nonpartisan General Election – Special Election,6/9/2020,Columbia,REP - Co Commission Dist 2,Mark E. Petersen,Election Day Votes,Woodlawn Baptist Church,16
Presidential Preference Primary – General Primary – Nonpartisan General Election – Special Election,6/9/2020,Columbia,REP - Co Commission Dist 2,Mark E. Petersen,Election Day Votes,Blanchard Park,15
Presidential Preference Primary – General Primary – Nonpartisan General Election – Special Election,6/9/2020,Columbia,REP - Co Commission Dist 2,Mark E. Petersen,Election Day Votes,Belair Baptist Church,20
Presidential Preference Primary – General Primary – Nonpartisan General Election – Special Election,6/9/2020,Columbia,REP - Co Commission Dist 2,Mark E. Petersen,Election Day Votes,Marvin Methodist,26
Presidential Preference Primary – General Primary – Nonpartisan General Election – Special Election,6/9/2020,Columbia,REP - Co Commission Dist 2,Mark E. Petersen,Election Day Votes,Westside Baptist Church,17
Presidential Preference Primary – General Primary – Nonpartisan General Election – Special Election,6/9/2020,Columbia,REP - Co Commission Dist 2,Mark E. Petersen,Election Day Votes,Trinity Baptist Church,34
Presidential Preference Primary – General Primary – Nonpartisan General Election – Special Election,6/9/2020,Columbia,REP - Co Commission Dist 2,Mark E. Petersen,Election Day Votes,Abilene Baptist,20
Presidential Preference Primary – General Primary – Nonpartisan General Election – Special Election,6/9/2020,Columbia,REP - Co Commission Dist 2,Mark E. Petersen,Election Day Votes,Mtz Col Fire Hdqtr,6
Presidential Preference Primary – General Primary – Nonpartisan General Election – Special Election,6/9/2020,Columbia,REP - Co Commission Dist 2,Mark E. Petersen,Election Day Votes,Martinez Baptist,27
Presidential Preference Primary – General Primary – Nonpartisan General Election – Special Election,6/9/2020,Columbia,REP - Co Commission Dist 2,Mark E. Petersen,Election Day Votes,Gold Cross EMS,22
Presidential Preference Primary – General Primary – Nonpartisan General Election – Special Election,6/9/2020,Columbia,REP - Co Commission Dist 2,Mark E. Petersen,Election Day Votes,Church of Our Savior,23
Presidential Preference Primary – General Primary – Nonpartisan General Election – Special Election,6/9/2020,Columbia,REP - Co Commission Dist 2,Mark E. Petersen,Advanced Voting Votes,Woodlawn Baptist Church,1
Presidential Preference Primary – General Primary – Nonpartisan General Election – Special Election,6/9/2020,Columbia,REP - Co Commission Dist 2,Mark E. Petersen,Advanced Voting Votes,Blanchard Park,4
Presidential Preference Primary – General Primary – Nonpartisan General Election – Special Election,6/9/2020,Columbia,REP - Co Commission Dist 2,Mark E. Petersen,Advanced Voting Votes,Belair Baptist Church,1
Presidential Preference Primary – General Primary – Nonpartisan General Election – Special Election,6/9/2020,Columbia,REP - Co Commission Dist 2,Mark E. Petersen,Advanced Voting Votes,Marvin Methodist,1
Presidential Preference Primary – General Primary – Nonpartisan General Election – Special Election,6/9/2020,Columbia,REP - Co Commission Dist 2,Mark E. Petersen,Advanced Voting Votes,Westside Baptist Church,3
Presidential Preference Primary – General Primary – Nonpartisan General Election – Special Election,6/9/2020,Columbia,REP - Co Commission Dist 2,Mark E. Petersen,Advanced Voting Votes,Trinity Baptist Church,9
Presidential Preference Primary – General Primary – Nonpartisan General Election – Special Election,6/9/2020,Columbia,REP - Co Commission Dist 2,Mark E. Petersen,Advanced Voting Votes,Abilene Baptist,4
Presidential Preference Primary – General Primary – Nonpartisan General Election – Special Election,6/9/2020,Columbia,REP - Co Commission Dist 2,Mark E. Petersen,Advanced Voting Votes,Mtz Col Fire Hdqtr,5
Presidential Preference Primary – General Primary – Nonpartisan General Election – Special Election,6/9/2020,Columbia,REP - Co Commission Dist 2,Mark E. Petersen,Advanced Voting Votes,Martinez Baptist,2
Presidential Preference Primary – General Primary – Nonpartisan General Election – Special Election,6/9/2020,Columbia,REP - Co Commission Dist 2,Mark E. Petersen,Advanced Voting Votes,Gold Cross EMS,2
Presidential Preference Primary – General Primary – Nonpartisan General Election – Special Election,6/9/2020,Columbia,REP - Co Commission Dist 2,Mark E. Petersen,Advanced Voting Votes,Church of Our Savior,3
Presidential Preference Primary – General Primary – Nonpartisan General Election – Special Election,6/9/2020,Columbia,REP - Co Commission Dist 2,Mark E. Petersen,Absentee by Mail Votes,Woodlawn Baptist Church,7
Presidential Preference Primary – General Primary – Nonpartisan General Election – Special Election,6/9/2020,Columbia,REP - Co Commission Dist 2,Mark E. Petersen,Absentee by Mail Votes,Blanchard Park,15
Presidential Preference Primary – General Primary – Nonpartisan General Election – Special Election,6/9/2020,Columbia,REP - Co Commission Dist 2,Mark E. Petersen,Absentee by Mail Votes,Belair Baptist Church,33
Presidential Preference Primary – General Primary – Nonpartisan General Election – Special Election,6/9/2020,Columbia,REP - Co Commission Dist 2,Mark E. Petersen,Absentee by Mail Votes,Marvin Methodist,14
Presidential Preference Primary – General Primary – Nonpartisan General Election – Special Election,6/9/2020,Columbia,REP - Co Commission Dist 2,Mark E. Petersen,Absentee by Mail Votes,Westside Baptist Church,33
Presidential Preference Primary – General Primary – Nonpartisan General Election – Special Election,6/9/2020,Columbia,REP - Co Commission Dist 2,Mark E. Petersen,Absentee by Mail Votes,Trinity Baptist Church,47
Presidential Preference Primary – General Primary – Nonpartisan General Election – Special Election,6/9/2020,Columbia,REP - Co Commission Dist 2,Mark E. Petersen,Absentee by Mail Votes,Abilene Baptist,40
Presidential Preference Primary – General Primary – Nonpartisan General Election – Special Election,6/9/2020,Columbia,REP - Co Commission Dist 2,Mark E. Petersen,Absentee by Mail Votes,Mtz Col Fire Hdqtr,26
Presidential Preference Primary – General Primary – Nonpartisan General Election – Special Election,6/9/2020,Columbia,REP - Co Commission Dist 2,Mark E. Petersen,Absentee by Mail Votes,Martinez Baptist,21
Presidential Preference Primary – General Primary – Nonpartisan General Election – Special Election,6/9/2020,Columbia,REP - Co Commission Dist 2,Mark E. Petersen,Absentee by Mail Votes,Gold Cross EMS,32
Presidential Preference Primary – General Primary – Nonpartisan General Election – Special Election,6/9/2020,Columbia,REP - Co Commission Dist 2,Mark E. Petersen,Absentee by Mail Votes,Church of Our Savior,27
Presidential Preference Primary – General Primary – Nonpartisan General Election – Special Election,6/9/2020,Columbia,REP - Co Commission Dist 2,Mark E. Petersen,Provisional Votes,Woodlawn Baptist Church,0
Presidential Preference Primary – General Primary – Nonpartisan General Election – Special Election,6/9/2020,Columbia,REP - Co Commission Dist 2,Mark E. Petersen,Provisional Votes,Blanchard Park,0
Presidential Preference Primary – General Primary – Nonpartisan General Election – Special Election,6/9/2020,Columbia,REP - Co Commission Dist 2,Mark E. Petersen,Provisional Votes,Belair Baptist Church,0
Presidential Preference Primary – General Primary – Nonpartisan General Election – Special Election,6/9/2020,Columbia,REP - Co Commission Dist 2,Mark E. Petersen,Provisional Votes,Marvin Methodist,0
Presidential Preference Primary – General Primary – Nonpartisan General Election – Special Election,6/9/2020,Columbia,REP - Co Commission Dist 2,Mark E. Petersen,Provisional Votes,Westside Baptist Church,0
Presidential Preference Primary – General Primary – Nonpartisan General Election – Special Election,6/9/2020,Columbia,REP - Co Commission Dist 2,Mark E. Petersen,Provisional Votes,Trinity Baptist Church,0
Presidential Preference Primary – General Primary – Nonpartisan General Election – Special Election,6/9/2020,Columbia,REP - Co Commission Dist 2,Mark E. Petersen,Provisional Votes,Abilene Baptist,0
Presidential Preference Primary – General Primary – Nonpartisan General Election – Special Election,6/9/2020,Columbia,REP - Co Commission Dist 2,Mark E. Petersen,Provisional Votes,Mtz Col Fire Hdqtr,0
Presidential Preference Primary – General Primary – Nonpartisan General Election – Special Election,6/9/2020,Columbia,REP - Co Commission Dist 2,Mark E. Petersen,Provisional Votes,Martinez Baptist,0
Presidential Preference Primary – General Primary – Nonpartisan General Election – Special Election,6/9/2020,Columbia,REP - Co Commission Dist 2,Mark E. Petersen,Provisional Votes,Gold Cross EMS,0
Presidential Preference Primary – General Primary – Nonpartisan General Election – Special Election,6/9/2020,Columbia,REP - Co Commission Dist 2,Mark E. Petersen,Provisional Votes,Church of Our Savior,0
Presidential Preference Primary – General Primary – Nonpartisan General Election – Special Election,6/9/2020,Columbia,REP - Co Commission Dist 2,Don Skinner,Election Day Votes,Woodlawn Baptist Church,82
Presidential Preference Primary – General Primary – Nonpartisan General Election – Special Election,6/9/2020,Columbia,REP - Co Commission Dist 2,Don Skinner,Election Day Votes,Blanchard Park,66
Presidential Preference Primary – General Primary – Nonpartisan General Election – Special Election,6/9/2020,Columbia,REP - Co Commission Dist 2,Don Skinner,Election Day Votes,Belair Baptist Church,121
Presidential Preference Primary – General Primary – Nonpartisan General Election – Special Election,6/9/2020,Columbia,REP - Co Commission Dist 2,Don Skinner,Election Day Votes,Marvin Methodist,91
Presidential Preference Primary – General Primary – Nonpartisan General Election – Special Election,6/9/2020,Columbia,REP - Co Commission Dist 2,Don Skinner,Election Day Votes,Westside Baptist Church,85
Presidential Preference Primary – General Primary – Nonpartisan General Election – Special Election,6/9/2020,Columbia,REP - Co Commission Dist 2,Don Skinner,Election Day Votes,Trinity Baptist Church,160
Presidential Preference Primary – General Primary – Nonpartisan General Election – Special Election,6/9/2020,Columbia,REP - Co Commission Dist 2,Don Skinner,Election Day Votes,Abilene Baptist,84
Presidential Preference Primary – General Primary – Nonpartisan General Election – Special Election,6/9/2020,Columbia,REP - Co Commission Dist 2,Don Skinner,Election Day Votes,Mtz Col Fire Hdqtr,57
Presidential Preference Primary – General Primary – Nonpartisan General Election – Special Election,6/9/2020,Columbia,REP - Co Commission Dist 2,Don Skinner,Election Day Votes,Martinez Baptist,60
Presidential Preference Primary – General Primary – Nonpartisan General Election – Special Election,6/9/2020,Columbia,REP - Co Commission Dist 2,Don Skinner,Election Day Votes,Gold Cross EMS,73
Presidential Preference Primary – General Primary – Nonpartisan General Election – Special Election,6/9/2020,Columbia,REP - Co Commission Dist 2,Don Skinner,Election Day Votes,Church of Our Savior,87
Presidential Preference Primary – General Primary – Nonpartisan General Election – Special Election,6/9/2020,Columbia,REP - Co Commission Dist 2,Don Skinner,Advanced Voting Votes,Woodlawn Baptist Church,10
Presidential Preference Primary – General Primary – Nonpartisan General Election – Special Election,6/9/2020,Columbia,REP - Co Commission Dist 2,Don Skinner,Advanced Voting Votes,Blanchard Park,10
Presidential Preference Primary – General Primary – Nonpartisan General Election – Special Election,6/9/2020,Columbia,REP - Co Commission Dist 2,Don Skinner,Advanced Voting Votes,Belair Baptist Church,15
Presidential Preference Primary – General Primary – Nonpartisan General Election – Special Election,6/9/2020,Columbia,REP - Co Commission Dist 2,Don Skinner,Advanced Voting Votes,Marvin Methodist,17
Presidential Preference Primary – General Primary – Nonpartisan General Election – Special Election,6/9/2020,Columbia,REP - Co Commission Dist 2,Don Skinner,Advanced Voting Votes,Westside Baptist Church,16
Presidential Preference Primary – General Primary – Nonpartisan General Election – Special Election,6/9/2020,Columbia,REP - Co Commission Dist 2,Don Skinner,Advanced Voting Votes,Trinity Baptist Church,18
Presidential Preference Primary – General Primary – Nonpartisan General Election – Special Election,6/9/2020,Columbia,REP - Co Commission Dist 2,Don Skinner,Advanced Voting Votes,Abilene Baptist,20
Presidential Preference Primary – General Primary – Nonpartisan General Election – Special Election,6/9/2020,Columbia,REP - Co Commission Dist 2,Don Skinner,Advanced Voting Votes,Mtz Col Fire Hdqtr,7
Presidential Preference Primary – General Primary – Nonpartisan General Election – Special Election,6/9/2020,Columbia,REP - Co Commission Dist 2,Don Skinner,Advanced Voting Votes,Martinez Baptist,7
Presidential Preference Primary – General Primary – Nonpartisan General Election – Special Election,6/9/2020,Columbia,REP - Co Commission Dist 2,Don Skinner,Advanced Voting Votes,Gold Cross EMS,14
Presidential Preference Primary – General Primary – Nonpartisan General Election – Special Election,6/9/2020,Columbia,REP - Co Commission Dist 2,Don Skinner,Advanced Voting Votes,Church of Our Savior,8
Presidential Preference Primary – General Primary – Nonpartisan General Election – Special Election,6/9/2020,Columbia,REP - Co Commission Dist 2,Don Skinner,Absentee by Mail Votes,Woodlawn Baptist Church,90
Presidential Preference Primary – General Primary – Nonpartisan General Election – Special Election,6/9/2020,Columbia,REP - Co Commission Dist 2,Don Skinner,Absentee by Mail Votes,Blanchard Park,51
Presidential Preference Primary – General Primary – Nonpartisan General Election – Special Election,6/9/2020,Columbia,REP - Co Commission Dist 2,Don Skinner,Absentee by Mail Votes,Belair Baptist Church,117
Presidential Preference Primary – General Primary – Nonpartisan General Election – Special Election,6/9/2020,Columbia,REP - Co Commission Dist 2,Don Skinner,Absentee by Mail Votes,Marvin Methodist,61
Presidential Preference Primary – General Primary – Nonpartisan General Election – Special Election,6/9/2020,Columbia,REP - Co Commission Dist 2,Don Skinner,Absentee by Mail Votes,Westside Baptist Church,117
Presidential Preference Primary – General Primary – Nonpartisan General Election – Special Election,6/9/2020,Columbia,REP - Co Commission Dist 2,Don Skinner,Absentee by Mail Votes,Trinity Baptist Church,109
Presidential Preference Primary – General Primary – Nonpartisan General Election – Special Election,6/9/2020,Columbia,REP - Co Commission Dist 2,Don Skinner,Absentee by Mail Votes,Abilene Baptist,71
Presidential Preference Primary – General Primary – Nonpartisan General Election – Special Election,6/9/2020,Columbia,REP - Co Commission Dist 2,Don Skinner,Absentee by Mail Votes,Mtz Col Fire Hdqtr,32
Presidential Preference Primary – General Primary – Nonpartisan General Election – Special Election,6/9/2020,Columbia,REP - Co Commission Dist 2,Don Skinner,Absentee by Mail Votes,Martinez Baptist,45
Presidential Preference Primary – General Primary – Nonpartisan General Election – Special Election,6/9/2020,Columbia,REP - Co Commission Dist 2,Don Skinner,Absentee by Mail Votes,Gold Cross EMS,97
Presidential Preference Primary – General Primary – Nonpartisan General Election – Special Election,6/9/2020,Columbia,REP - Co Commission Dist 2,Don Skinner,Absentee by Mail Votes,Church of Our Savior,69
Presidential Preference Primary – General Primary – Nonpartisan General Election – Special Election,6/9/2020,Columbia,REP - Co Commission Dist 2,Don Skinner,Provisional Votes,Woodlawn Baptist Church,0
Presidential Preference Primary – General Primary – Nonpartisan General Election – Special Election,6/9/2020,Columbia,REP - Co Commission Dist 2,Don Skinner,Provisional Votes,Blanchard Park,0
Presidential Preference Primary – General Primary – Nonpartisan General Election – Special Election,6/9/2020,Columbia,REP - Co Commission Dist 2,Don Skinner,Provisional Votes,Belair Baptist Church,0
Presidential Preference Primary – General Primary – Nonpartisan General Election – Special Election,6/9/2020,Columbia,REP - Co Commission Dist 2,Don Skinner,Provisional Votes,Marvin Methodist,0
Presidential Preference Primary – General Primary – Nonpartisan General Election – Special Election,6/9/2020,Columbia,REP - Co Commission Dist 2,Don Skinner,Provisional Votes,Westside Baptist Church,0
Presidential Preference Primary – General Primary – Nonpartisan General Election – Special Election,6/9/2020,Columbia,REP - Co Commission Dist 2,Don Skinner,Provisional Votes,Trinity Baptist Church,0
Presidential Preference Primary – General Primary – Nonpartisan General Election – Special Election,6/9/2020,Columbia,REP - Co Commission Dist 2,Don Skinner,Provisional Votes,Abilene Baptist,0
Presidential Preference Primary – General Primary – Nonpartisan General Election – Special Election,6/9/2020,Columbia,REP - Co Commission Dist 2,Don Skinner,Provisional Votes,Mtz Col Fire Hdqtr,0
Presidential Preference Primary – General Primary – Nonpartisan General Election – Special Election,6/9/2020,Columbia,REP - Co Commission Dist 2,Don Skinner,Provisional Votes,Martinez Baptist,0
Presidential Preference Primary – General Primary – Nonpartisan General Election – Special Election,6/9/2020,Columbia,REP - Co Commission Dist 2,Don Skinner,Provisional Votes,Gold Cross EMS,0
Presidential Preference Primary – General Primary – Nonpartisan General Election – Special Election,6/9/2020,Columbia,REP - Co Commission Dist 2,Don Skinner,Provisional Votes,Church of Our Savior,0
Presidential Preference Primary – General Primary – Nonpartisan General Election – Special Election,6/9/2020,Columbia,REP - Co Commission Dist 2,"Robert G. Willis, Jr.",Election Day Votes,Woodlawn Baptist Church,39
Presidential Preference Primary – General Primary – Nonpartisan General Election – Special Election,6/9/2020,Columbia,REP - Co Commission Dist 2,"Robert G. Willis, Jr.",Election Day Votes,Blanchard Park,27
Presidential Preference Primary – General Primary – Nonpartisan General Election – Special Election,6/9/2020,Columbia,REP - Co Commission Dist 2,"Robert G. Willis, Jr.",Election Day Votes,Belair Baptist Church,40
Presidential Preference Primary – General Primary – Nonpartisan General Election – Special Election,6/9/2020,Columbia,REP - Co Commission Dist 2,"Robert G. Willis, Jr.",Election Day Votes,Marvin Methodist,40
Presidential Preference Primary – General Primary – Nonpartisan General Election – Special Election,6/9/2020,Columbia,REP - Co Commission Dist 2,"Robert G. Willis, Jr.",Election Day Votes,Westside Baptist Church,36
Presidential Preference Primary – General Primary – Nonpartisan General Election – Special Election,6/9/2020,Columbia,REP - Co Commission Dist 2,"Robert G. Willis, Jr.",Election Day Votes,Trinity Baptist Church,52
Presidential Preference Primary – General Primary – Nonpartisan General Election – Special Election,6/9/2020,Columbia,REP - Co Commission Dist 2,"Robert G. Willis, Jr.",Election Day Votes,Abilene Baptist,24
Presidential Preference Primary – General Primary – Nonpartisan General Election – Special Election,6/9/2020,Columbia,REP - Co Commission Dist 2,"Robert G. Willis, Jr.",Election Day Votes,Mtz Col Fire Hdqtr,9
Presidential Preference Primary – General Primary – Nonpartisan General Election – Special Election,6/9/2020,Columbia,REP - Co Commission Dist 2,"Robert G. Willis, Jr.",Election Day Votes,Martinez Baptist,20
Presidential Preference Primary – General Primary – Nonpartisan General Election – Special Election,6/9/2020,Columbia,REP - Co Commission Dist 2,"Robert G. Willis, Jr.",Election Day Votes,Gold Cross EMS,34
Presidential Preference Primary – General Primary – Nonpartisan General Election – Special Election,6/9/2020,Columbia,REP - Co Commission Dist 2,"Robert G. Willis, Jr.",Election Day Votes,Church of Our Savior,32
Presidential Preference Primary – General Primary – Nonpartisan General Election – Special Election,6/9/2020,Columbia,REP - Co Commission Dist 2,"Robert G. Willis, Jr.",Advanced Voting Votes,Woodlawn Baptist Church,9
Presidential Preference Primary – General Primary – Nonpartisan General Election – Special Election,6/9/2020,Columbia,REP - Co Commission Dist 2,"Robert G. Willis, Jr.",Advanced Voting Votes,Blanchard Park,3
Presidential Preference Primary – General Primary – Nonpartisan General Election – Special Election,6/9/2020,Columbia,REP - Co Commission Dist 2,"Robert G. Willis, Jr.",Advanced Voting Votes,Belair Baptist Church,6
Presidential Preference Primary – General Primary – Nonpartisan General Election – Special Election,6/9/2020,Columbia,REP - Co Commission Dist 2,"Robert G. Willis, Jr.",Advanced Voting Votes,Marvin Methodist,7
Presidential Preference Primary – General Primary – Nonpartisan General Election – Special Election,6/9/2020,Columbia,REP - Co Commission Dist 2,"Robert G. Willis, Jr.",Advanced Voting Votes,Westside Baptist Church,12
Presidential Preference Primary – General Primary – Nonpartisan General Election – Special Election,6/9/2020,Columbia,REP - Co Commission Dist 2,"Robert G. Willis, Jr.",Advanced Voting Votes,Trinity Baptist Church,11
Presidential Preference Primary – General Primary – Nonpartisan General Election – Special Election,6/9/2020,Columbia,REP - Co Commission Dist 2,"Robert G. Willis, Jr.",Advanced Voting Votes,Abilene Baptist,4
Presidential Preference Primary – General Primary – Nonpartisan General Election – Special Election,6/9/2020,Columbia,REP - Co Commission Dist 2,"Robert G. Willis, Jr.",Advanced Voting Votes,Mtz Col Fire Hdqtr,1
Presidential Preference Primary – General Primary – Nonpartisan General Election – Special Election,6/9/2020,Columbia,REP - Co Commission Dist 2,"Robert G. Willis, Jr.",Advanced Voting Votes,Martinez Baptist,6
Presidential Preference Primary – General Primary – Nonpartisan General Election – Special Election,6/9/2020,Columbia,REP - Co Commission Dist 2,"Robert G. Willis, Jr.",Advanced Voting Votes,Gold Cross EMS,4
Presidential Preference Primary – General Primary – Nonpartisan General Election – Special Election,6/9/2020,Columbia,REP - Co Commission Dist 2,"Robert G. Willis, Jr.",Advanced Voting Votes,Church of Our Savior,3
Presidential Preference Primary – General Primary – Nonpartisan General Election – Special Election,6/9/2020,Columbia,REP - Co Commission Dist 2,"Robert G. Willis, Jr.",Absentee by Mail Votes,Woodlawn Baptist Church,38
Presidential Preference Primary – General Primary – Nonpartisan General Election – Special Election,6/9/2020,Columbia,REP - Co Commission Dist 2,"Robert G. Willis, Jr.",Absentee by Mail Votes,Blanchard Park,38
Presidential Preference Primary – General Primary – Nonpartisan General Election – Special Election,6/9/2020,Columbia,REP - Co Commission Dist 2,"Robert G. Willis, Jr.",Absentee by Mail Votes,Belair Baptist Church,42
Presidential Preference Primary – General Primary – Nonpartisan General Election – Special Election,6/9/2020,Columbia,REP - Co Commission Dist 2,"Robert G. Willis, Jr.",Absentee by Mail Votes,Marvin Methodist,28
Presidential Preference Primary – General Primary – Nonpartisan General Election – Special Election,6/9/2020,Columbia,REP - Co Commission Dist 2,"Robert G. Willis, Jr.",Absentee by Mail Votes,Westside Baptist Church,36
Presidential Preference Primary – General Primary – Nonpartisan General Election – Special Election,6/9/2020,Columbia,REP - Co Commission Dist 2,"Robert G. Willis, Jr.",Absentee by Mail Votes,Trinity Baptist Church,57
Presidential Preference Primary – General Primary – Nonpartisan General Election – Special Election,6/9/2020,Columbia,REP - Co Commission Dist 2,"Robert G. Willis, Jr.",Absentee by Mail Votes,Abilene Baptist,41
Presidential Preference Primary – General Primary – Nonpartisan General Election – Special Election,6/9/2020,Columbia,REP - Co Commission Dist 2,"Robert G. Willis, Jr.",Absentee by Mail Votes,Mtz Col Fire Hdqtr,11
Presidential Preference Primary – General Primary – Nonpartisan General Election – Special Election,6/9/2020,Columbia,REP - Co Commission Dist 2,"Robert G. Willis, Jr.",Absentee by Mail Votes,Martinez Baptist,19
Presidential Preference Primary – General Primary – Nonpartisan General Election – Special Election,6/9/2020,Columbia,REP - Co Commission Dist 2,"Robert G. Willis, Jr.",Absentee by Mail Votes,Gold Cross EMS,73
Presidential Preference Primary – General Primary – Nonpartisan General Election – Special Election,6/9/2020,Columbia,REP - Co Commission Dist 2,"Robert G. Willis, Jr.",Absentee by Mail Votes,Church of Our Savior,38
Presidential Preference Primary – General Primary – Nonpartisan General Election – Special Election,6/9/2020,Columbia,REP - Co Commission Dist 2,"Robert G. Willis, Jr.",Provisional Votes,Woodlawn Baptist Church,0
Presidential Preference Primary – General Primary – Nonpartisan General Election – Special Election,6/9/2020,Columbia,REP - Co Commission Dist 2,"Robert G. Willis, Jr.",Provisional Votes,Blanchard Park,0
Presidential Preference Primary – General Primary – Nonpartisan General Election – Special Election,6/9/2020,Columbia,REP - Co Commission Dist 2,"Robert G. Willis, Jr.",Provisional Votes,Belair Baptist Church,0
Presidential Preference Primary – General Primary – Nonpartisan General Election – Special Election,6/9/2020,Columbia,REP - Co Commission Dist 2,"Robert G. Willis, Jr.",Provisional Votes,Marvin Methodist,0
Presidential Preference Primary – General Primary – Nonpartisan General Election – Special Election,6/9/2020,Columbia,REP - Co Commission Dist 2,"Robert G. Willis, Jr.",Provisional Votes,Westside Baptist Church,0
Presidential Preference Primary – General Primary – Nonpartisan General Election – Special Election,6/9/2020,Columbia,REP - Co Commission Dist 2,"Robert G. Willis, Jr.",Provisional Votes,Trinity Baptist Church,0
Presidential Preference Primary – General Primary – Nonpartisan General Election – Special Election,6/9/2020,Columbia,REP - Co Commission Dist 2,"Robert G. Willis, Jr.",Provisional Votes,Abilene Baptist,0
Presidential Preference Primary – General Primary – Nonpartisan General Election – Special Election,6/9/2020,Columbia,REP - Co Commission Dist 2,"Robert G. Willis, Jr.",Provisional Votes,Mtz Col Fire Hdqtr,0
Presidential Preference Primary – General Primary – Nonpartisan General Election – Special Election,6/9/2020,Columbia,REP - Co Commission Dist 2,"Robert G. Willis, Jr.",Provisional Votes,Martinez Baptist,0
Presidential Preference Primary – General Primary – Nonpartisan General Election – Special Election,6/9/2020,Columbia,REP - Co Commission Dist 2,"Robert G. Willis, Jr.",Provisional Votes,Gold Cross EMS,0
Presidential Preference Primary – General Primary – Nonpartisan General Election – Special Election,6/9/2020,Columbia,REP - Co Commission Dist 2,"Robert G. Willis, Jr.",Provisional Votes,Church of Our Savior,0
Presidential Preference Primary – General Primary – Nonpartisan General Election – Special Election,6/9/2020,Columbia,REP - Co Commission Dist 3,Gary Richardson (I),Election Day Votes,Lewis Methodist Church,272
Presidential Preference Primary – General Primary – Nonpartisan General Election – Special Election,6/9/2020,Columbia,REP - Co Commission Dist 3,Gary Richardson (I),Election Day Votes,Patriots Park,255
Presidential Preference Primary – General Primary – Nonpartisan General Election – Special Election,6/9/2020,Columbia,REP - Co Commission Dist 3,Gary Richardson (I),Election Day Votes,New Life Church,164
Presidential Preference Primary – General Primary – Nonpartisan General Election – Special Election,6/9/2020,Columbia,REP - Co Commission Dist 3,Gary Richardson (I),Election Day Votes,Second Mt Carmel Baptist Church,54
Presidential Preference Primary – General Primary – Nonpartisan General Election – Special Election,6/9/2020,Columbia,REP - Co Commission Dist 3,Gary Richardson (I),Election Day Votes,Damascus Baptist Church,156
Presidential Preference Primary – General Primary – Nonpartisan General Election – Special Election,6/9/2020,Columbia,REP - Co Commission Dist 3,Gary Richardson (I),Election Day Votes,Col Cty Bd of Edu,183
Presidential Preference Primary – General Primary – Nonpartisan General Election – Special Election,6/9/2020,Columbia,REP - Co Commission Dist 3,Gary Richardson (I),Election Day Votes,Greenbrier High,246
Presidential Preference Primary – General Primary – Nonpartisan General Election – Special Election,6/9/2020,Columbia,REP - Co Commission Dist 3,Gary Richardson (I),Election Day Votes,Parkway Baptist Church,356
Presidential Preference Primary – General Primary – Nonpartisan General Election – Special Election,6/9/2020,Columbia,REP - Co Commission Dist 3,Gary Richardson (I),Election Day Votes,Riverview Church,154
Presidential Preference Primary – General Primary – Nonpartisan General Election – Special Election,6/9/2020,Columbia,REP - Co Commission Dist 3,Gary Richardson (I),Election Day Votes,Grace Baptist Church,262
Presidential Preference Primary – General Primary – Nonpartisan General Election – Special Election,6/9/2020,Columbia,REP - Co Commission Dist 3,Gary Richardson (I),Election Day Votes,Christ Sanctified,204
Presidential Preference Primary – General Primary – Nonpartisan General Election – Special Election,6/9/2020,Columbia,REP - Co Commission Dist 3,Gary Richardson (I),Election Day Votes,West Acres Baptist,232
Presidential Preference Primary – General Primary – Nonpartisan General Election – Special Election,6/9/2020,Columbia,REP - Co Commission Dist 3,Gary Richardson (I),Advanced Voting Votes,Lewis Methodist Church,32
Presidential Preference Primary – General Primary – Nonpartisan General Election – Special Election,6/9/2020,Columbia,REP - Co Commission Dist 3,Gary Richardson (I),Advanced Voting Votes,Patriots Park,35
Presidential Preference Primary – General Primary – Nonpartisan General Election – Special Election,6/9/2020,Columbia,REP - Co Commission Dist 3,Gary Richardson (I),Advanced Voting Votes,New Life Church,23
Presidential Preference Primary – General Primary – Nonpartisan General Election – Special Election,6/9/2020,Columbia,REP - Co Commission Dist 3,Gary Richardson (I),Advanced Voting Votes,Second Mt Carmel Baptist Church,4
Presidential Preference Primary – General Primary – Nonpartisan General Election – Special Election,6/9/2020,Columbia,REP - Co Commission Dist 3,Gary Richardson (I),Advanced Voting Votes,Damascus Baptist Church,7
Presidential Preference Primary – General Primary – Nonpartisan General Election – Special Election,6/9/2020,Columbia,REP - Co Commission Dist 3,Gary Richardson (I),Advanced Voting Votes,Col Cty Bd of Edu,54
Presidential Preference Primary – General Primary – Nonpartisan General Election – Special Election,6/9/2020,Columbia,REP - Co Commission Dist 3,Gary Richardson (I),Advanced Voting Votes,Greenbrier High,49
Presidential Preference Primary – General Primary – Nonpartisan General Election – Special Election,6/9/2020,Columbia,REP - Co Commission Dist 3,Gary Richardson (I),Advanced Voting Votes,Parkway Baptist Church,61
Presidential Preference Primary – General Primary – Nonpartisan General Election – Special Election,6/9/2020,Columbia,REP - Co Commission Dist 3,Gary Richardson (I),Advanced Voting Votes,Riverview Church,28
Presidential Preference Primary – General Primary – Nonpartisan General Election – Special Election,6/9/2020,Columbia,REP - Co Commission Dist 3,Gary Richardson (I),Advanced Voting Votes,Grace Baptist Church,45
Presidential Preference Primary – General Primary – Nonpartisan General Election – Special Election,6/9/2020,Columbia,REP - Co Commission Dist 3,Gary Richardson (I),Advanced Voting Votes,Christ Sanctified,53
Presidential Preference Primary – General Primary – Nonpartisan General Election – Special Election,6/9/2020,Columbia,REP - Co Commission Dist 3,Gary Richardson (I),Advanced Voting Votes,West Acres Baptist,57
Presidential Preference Primary – General Primary – Nonpartisan General Election – Special Election,6/9/2020,Columbia,REP - Co Commission Dist 3,Gary Richardson (I),Absentee by Mail Votes,Lewis Methodist Church,214
Presidential Preference Primary – General Primary – Nonpartisan General Election – Special Election,6/9/2020,Columbia,REP - Co Commission Dist 3,Gary Richardson (I),Absentee by Mail Votes,Patriots Park,262
Presidential Preference Primary – General Primary – Nonpartisan General Election – Special Election,6/9/2020,Columbia,REP - Co Commission Dist 3,Gary Richardson (I),Absentee by Mail Votes,New Life Church,185
Presidential Preference Primary – General Primary – Nonpartisan General Election – Special Election,6/9/2020,Columbia,REP - Co Commission Dist 3,Gary Richardson (I),Absentee by Mail Votes,Second Mt Carmel Baptist Church,31
Presidential Preference Primary – General Primary – Nonpartisan General Election – Special Election,6/9/2020,Columbia,REP - Co Commission Dist 3,Gary Richardson (I),Absentee by Mail Votes,Damascus Baptist Church,123
Presidential Preference Primary – General Primary – Nonpartisan General Election – Special Election,6/9/2020,Columbia,REP - Co Commission Dist 3,Gary Richardson (I),Absentee by Mail Votes,Col Cty Bd of Edu,203
Presidential Preference Primary – General Primary – Nonpartisan General Election – Special Election,6/9/2020,Columbia,REP - Co Commission Dist 3,Gary Richardson (I),Absentee by Mail Votes,Greenbrier High,240
Presidential Preference Primary – General Primary – Nonpartisan General Election – Special Election,6/9/2020,Columbia,REP - Co Commission Dist 3,Gary Richardson (I),Absentee by Mail Votes,Parkway Baptist Church,354
Presidential Preference Primary – General Primary – Nonpartisan General Election – Special Election,6/9/2020,Columbia,REP - Co Commission Dist 3,Gary Richardson (I),Absentee by Mail Votes,Riverview Church,110
Presidential Preference Primary – General Primary – Nonpartisan General Election – Special Election,6/9/2020,Columbia,REP - Co Commission Dist 3,Gary Richardson (I),Absentee by Mail Votes,Grace Baptist Church,245
Presidential Preference Primary – General Primary – Nonpartisan General Election – Special Election,6/9/2020,Columbia,REP - Co Commission Dist 3,Gary Richardson (I),Absentee by Mail Votes,Christ Sanctified,231
Presidential Preference Primary – General Primary – Nonpartisan General Election – Special Election,6/9/2020,Columbia,REP - Co Commission Dist 3,Gary Richardson (I),Absentee by Mail Votes,West Acres Baptist,225
Presidential Preference Primary – General Primary – Nonpartisan General Election – Special Election,6/9/2020,Columbia,REP - Co Commission Dist 3,Gary Richardson (I),Provisional Votes,Lewis Methodist Church,1
Presidential Preference Primary – General Primary – Nonpartisan General Election – Special Election,6/9/2020,Columbia,REP - Co Commission Dist 3,Gary Richardson (I),Provisional Votes,Patriots Park,0
Presidential Preference Primary – General Primary – Nonpartisan General Election – Special Election,6/9/2020,Columbia,REP - Co Commission Dist 3,Gary Richardson (I),Provisional Votes,New Life Church,0
Presidential Preference Primary – General Primary – Nonpartisan General Election – Special Election,6/9/2020,Columbia,REP - Co Commission Dist 3,Gary Richardson (I),Provisional Votes,Second Mt Carmel Baptist Church,0
Presidential Preference Primary – General Primary – Nonpartisan General Election – Special Election,6/9/2020,Columbia,REP - Co Commission Dist 3,Gary Richardson (I),Provisional Votes,Damascus Baptist Church,0
Presidential Preference Primary – General Primary – Nonpartisan General Election – Special Election,6/9/2020,Columbia,REP - Co Commission Dist 3,Gary Richardson (I),Provisional Votes,Col Cty Bd of Edu,0
Presidential Preference Primary – General Primary – Nonpartisan General Election – Special Election,6/9/2020,Columbia,REP - Co Commission Dist 3,Gary Richardson (I),Provisional Votes,Greenbrier High,0
Presidential Preference Primary – General Primary – Nonpartisan General Election – Special Election,6/9/2020,Columbia,REP - Co Commission Dist 3,Gary Richardson (I),Provisional Votes,Parkway Baptist Church,0
Presidential Preference Primary – General Primary – Nonpartisan General Election – Special Election,6/9/2020,Columbia,REP - Co Commission Dist 3,Gary Richardson (I),Provisional Votes,Riverview Church,0
Presidential Preference Primary – General Primary – Nonpartisan General Election – Special Election,6/9/2020,Columbia,REP - Co Commission Dist 3,Gary Richardson (I),Provisional Votes,Grace Baptist Church,0
Presidential Preference Primary – General Primary – Nonpartisan General Election – Special Election,6/9/2020,Columbia,REP - Co Commission Dist 3,Gary Richardson (I),Provisional Votes,Christ Sanctified,0
Presidential Preference Primary – General Primary – Nonpartisan General Election – Special Election,6/9/2020,Columbia,REP - Co Commission Dist 3,Gary Richardson (I),Provisional Votes,West Acres Baptist,0
