election,date,county,contest,choice,voting_method,precinct,num_votes
"May 24, 2022 - General Primary -Nonpartisan General Election",5/24/2022,Columbia,County Commission Chairperson - Rep,"Douglas R. Duncan, Jr. (I)",Election Day Votes,Kiokee Bapt Church,602
"May 24, 2022 - General Primary -Nonpartisan General Election",5/24/2022,Columbia,County Commission Chairperson - Rep,"Douglas R. Duncan, Jr. (I)",Election Day Votes,Stevens Creek Church-Grovetown,159
"May 24, 2022 - General Primary -Nonpartisan General Election",5/24/2022,Columbia,County Commission Chairperson - Rep,"Douglas R. Duncan, Jr. (I)",Election Day Votes,Lewis Methodist,436
"May 24, 2022 - General Primary -Nonpartisan General Election",5/24/2022,Columbia,County Commission Chairperson - Rep,"Douglas R. Duncan, Jr. (I)",Election Day Votes,Woodlawn Bapt Church,223
"May 24, 2022 - General Primary -Nonpartisan General Election",5/24/2022,Columbia,County Commission Chairperson - Rep,"Douglas R. Duncan, Jr. (I)",Election Day Votes,Patriots Park,210
"May 24, 2022 - General Primary -Nonpartisan General Election",5/24/2022,Columbia,County Commission Chairperson - Rep,"Douglas R. Duncan, Jr. (I)",Election Day Votes,New Life Church,79
"May 24, 2022 - General Primary -Nonpartisan General Election",5/24/2022,Columbia,County Commission Chairperson - Rep,"Douglas R. Duncan, Jr. (I)",Election Day Votes,Columbia Co. Health Dept.,220
"May 24, 2022 - General Primary -Nonpartisan General Election",5/24/2022,Columbia,County Commission Chairperson - Rep,"Douglas R. Duncan, Jr. (I)",Election Day Votes,Harlem Branch Library,394
"May 24, 2022 - General Primary -Nonpartisan General Election",5/24/2022,Columbia,County Commission Chairperson - Rep,"Douglas R. Duncan, Jr. (I)",Election Day Votes,Harlem Senior Center,262
"May 24, 2022 - General Primary -Nonpartisan General Election",5/24/2022,Columbia,County Commission Chairperson - Rep,"Douglas R. Duncan, Jr. (I)",Election Day Votes,Second Mount Moriah Baptist Church,191
"May 24, 2022 - General Primary -Nonpartisan General Election",5/24/2022,Columbia,County Commission Chairperson - Rep,"Douglas R. Duncan, Jr. (I)",Election Day Votes,Bessie Thomas Center,137
"May 24, 2022 - General Primary -Nonpartisan General Election",5/24/2022,Columbia,County Commission Chairperson - Rep,"Douglas R. Duncan, Jr. (I)",Election Day Votes,Philadelphia Church,170
"May 24, 2022 - General Primary -Nonpartisan General Election",5/24/2022,Columbia,County Commission Chairperson - Rep,"Douglas R. Duncan, Jr. (I)",Election Day Votes,Liberty Park-Grovetown,239
"May 24, 2022 - General Primary -Nonpartisan General Election",5/24/2022,Columbia,County Commission Chairperson - Rep,"Douglas R. Duncan, Jr. (I)",Election Day Votes,Grovetown Methodist,127
"May 24, 2022 - General Primary -Nonpartisan General Election",5/24/2022,Columbia,County Commission Chairperson - Rep,"Douglas R. Duncan, Jr. (I)",Election Day Votes,G A Apostolic Church,230
"May 24, 2022 - General Primary -Nonpartisan General Election",5/24/2022,Columbia,County Commission Chairperson - Rep,"Douglas R. Duncan, Jr. (I)",Election Day Votes,Grovetown Dept of Public Safety Station #2,195
"May 24, 2022 - General Primary -Nonpartisan General Election",5/24/2022,Columbia,County Commission Chairperson - Rep,"Douglas R. Duncan, Jr. (I)",Election Day Votes,Grove First Baptist Church,152
"May 24, 2022 - General Primary -Nonpartisan General Election",5/24/2022,Columbia,County Commission Chairperson - Rep,"Douglas R. Duncan, Jr. (I)",Election Day Votes,Eubank/Blanchard Ctr,293
"May 24, 2022 - General Primary -Nonpartisan General Election",5/24/2022,Columbia,County Commission Chairperson - Rep,"Douglas R. Duncan, Jr. (I)",Election Day Votes,Second Mt. Carmel Baptist Church,79
"May 24, 2022 - General Primary -Nonpartisan General Election",5/24/2022,Columbia,County Commission Chairperson - Rep,"Douglas R. Duncan, Jr. (I)",Election Day Votes,Damascus Bapt Church,300
"May 24, 2022 - General Primary -Nonpartisan General Election",5/24/2022,Columbia,County Commission Chairperson - Rep,"Douglas R. Duncan, Jr. (I)",Election Day Votes,Col Cty Board of Edu,241
"May 24, 2022 - General Primary -Nonpartisan General Election",5/24/2022,Columbia,County Commission Chairperson - Rep,"Douglas R. Duncan, Jr. (I)",Election Day Votes,Greenbrier High,531
"May 24, 2022 - General Primary -Nonpartisan General Election",5/24/2022,Columbia,County Commission Chairperson - Rep,"Douglas R. Duncan, Jr. (I)",Election Day Votes,Parkway Baptist Church,351
"May 24, 2022 - General Primary -Nonpartisan General Election",5/24/2022,Columbia,County Commission Chairperson - Rep,"Douglas R. Duncan, Jr. (I)",Election Day Votes,Riverview Church,175
"May 24, 2022 - General Primary -Nonpartisan General Election",5/24/2022,Columbia,County Commission Chairperson - Rep,"Douglas R. Duncan, Jr. (I)",Election Day Votes,Grace Baptist Church,476
"May 24, 2022 - General Primary -Nonpartisan General Election",5/24/2022,Columbia,County Commission Chairperson - Rep,"Douglas R. Duncan, Jr. (I)",Election Day Votes,Christ Sanctified,314
"May 24, 2022 - General Primary -Nonpartisan General Election",5/24/2022,Columbia,County Commission Chairperson - Rep,"Douglas R. Duncan, Jr. (I)",Election Day Votes,Parkway Elementary,353
"May 24, 2022 - General Primary -Nonpartisan General Election",5/24/2022,Columbia,County Commission Chairperson - Rep,"Douglas R. Duncan, Jr. (I)",Election Day Votes,Blanchard Park,148
"May 24, 2022 - General Primary -Nonpartisan General Election",5/24/2022,Columbia,County Commission Chairperson - Rep,"Douglas R. Duncan, Jr. (I)",Election Day Votes,Belair Baptist Church,332
"May 24, 2022 - General Primary -Nonpartisan General Election",5/24/2022,Columbia,County Commission Chairperson - Rep,"Douglas R. Duncan, Jr. (I)",Election Day Votes,Marvin Methodist,300
"May 24, 2022 - General Primary -Nonpartisan General Election",5/24/2022,Columbia,County Commission Chairperson - Rep,"Douglas R. Duncan, Jr. (I)",Election Day Votes,Westside Bapt Church,282
"May 24, 2022 - General Primary -Nonpartisan General Election",5/24/2022,Columbia,County Commission Chairperson - Rep,"Douglas R. Duncan, Jr. (I)",Election Day Votes,Trinity Bapt Church,398
"May 24, 2022 - General Primary -Nonpartisan General Election",5/24/2022,Columbia,County Commission Chairperson - Rep,"Douglas R. Duncan, Jr. (I)",Election Day Votes,Abilene Baptist,245
"May 24, 2022 - General Primary -Nonpartisan General Election",5/24/2022,Columbia,County Commission Chairperson - Rep,"Douglas R. Duncan, Jr. (I)",Election Day Votes,Augusta Christian,266
"May 24, 2022 - General Primary -Nonpartisan General Election",5/24/2022,Columbia,County Commission Chairperson - Rep,"Douglas R. Duncan, Jr. (I)",Election Day Votes,Savannah Rapids Pavilion,286
"May 24, 2022 - General Primary -Nonpartisan General Election",5/24/2022,Columbia,County Commission Chairperson - Rep,"Douglas R. Duncan, Jr. (I)",Election Day Votes,Gospel Water Branch,328
"May 24, 2022 - General Primary -Nonpartisan General Election",5/24/2022,Columbia,County Commission Chairperson - Rep,"Douglas R. Duncan, Jr. (I)",Election Day Votes,Elim Church,297
"May 24, 2022 - General Primary -Nonpartisan General Election",5/24/2022,Columbia,County Commission Chairperson - Rep,"Douglas R. Duncan, Jr. (I)",Election Day Votes,Stevens Creek Church,521
"May 24, 2022 - General Primary -Nonpartisan General Election",5/24/2022,Columbia,County Commission Chairperson - Rep,"Douglas R. Duncan, Jr. (I)",Election Day Votes,Columbia Co. Fire HDQTR,126
"May 24, 2022 - General Primary -Nonpartisan General Election",5/24/2022,Columbia,County Commission Chairperson - Rep,"Douglas R. Duncan, Jr. (I)",Election Day Votes,Lakeside Middle,183
"May 24, 2022 - General Primary -Nonpartisan General Election",5/24/2022,Columbia,County Commission Chairperson - Rep,"Douglas R. Duncan, Jr. (I)",Election Day Votes,Martinez Baptist,249
"May 24, 2022 - General Primary -Nonpartisan General Election",5/24/2022,Columbia,County Commission Chairperson - Rep,"Douglas R. Duncan, Jr. (I)",Election Day Votes,Gold Cross EMS,227
"May 24, 2022 - General Primary -Nonpartisan General Election",5/24/2022,Columbia,County Commission Chairperson - Rep,"Douglas R. Duncan, Jr. (I)",Election Day Votes,Church of Our Savior,269
"May 24, 2022 - General Primary -Nonpartisan General Election",5/24/2022,Columbia,County Commission Chairperson - Rep,"Douglas R. Duncan, Jr. (I)",Election Day Votes,West Acres Baptist,334
"May 24, 2022 - General Primary -Nonpartisan General Election",5/24/2022,Columbia,County Commission Chairperson - Rep,"Douglas R. Duncan, Jr. (I)",Election Day Votes,Journey Comm Church,233
"May 24, 2022 - General Primary -Nonpartisan General Election",5/24/2022,Columbia,County Commission Chairperson - Rep,"Douglas R. Duncan, Jr. (I)",Election Day Votes,Wesley Methodist,335
"May 24, 2022 - General Primary -Nonpartisan General Election",5/24/2022,Columbia,County Commission Chairperson - Rep,"Douglas R. Duncan, Jr. (I)",Election Day Votes,Col Cty Main Library,273
"May 24, 2022 - General Primary -Nonpartisan General Election",5/24/2022,Columbia,County Commission Chairperson - Rep,"Douglas R. Duncan, Jr. (I)",Election Day Votes,Christ Church Presbyterian,323
"May 24, 2022 - General Primary -Nonpartisan General Election",5/24/2022,Columbia,County Commission Chairperson - Rep,"Douglas R. Duncan, Jr. (I)",Election Day Votes,Blueridge Elementary,208
"May 24, 2022 - General Primary -Nonpartisan General Election",5/24/2022,Columbia,County Commission Chairperson - Rep,"Douglas R. Duncan, Jr. (I)",Election Day Votes,Christ The King Church,352
"May 24, 2022 - General Primary -Nonpartisan General Election",5/24/2022,Columbia,County Commission Chairperson - Rep,"Douglas R. Duncan, Jr. (I)",Advanced Voting Votes,Kiokee Bapt Church,281
"May 24, 2022 - General Primary -Nonpartisan General Election",5/24/2022,Columbia,County Commission Chairperson - Rep,"Douglas R. Duncan, Jr. (I)",Advanced Voting Votes,Stevens Creek Church-Grovetown,95
"May 24, 2022 - General Primary -Nonpartisan General Election",5/24/2022,Columbia,County Commission Chairperson - Rep,"Douglas R. Duncan, Jr. (I)",Advanced Voting Votes,Lewis Methodist,288
"May 24, 2022 - General Primary -Nonpartisan General Election",5/24/2022,Columbia,County Commission Chairperson - Rep,"Douglas R. Duncan, Jr. (I)",Advanced Voting Votes,Woodlawn Bapt Church,116
"May 24, 2022 - General Primary -Nonpartisan General Election",5/24/2022,Columbia,County Commission Chairperson - Rep,"Douglas R. Duncan, Jr. (I)",Advanced Voting Votes,Patriots Park,188
"May 24, 2022 - General Primary -Nonpartisan General Election",5/24/2022,Columbia,County Commission Chairperson - Rep,"Douglas R. Duncan, Jr. (I)",Advanced Voting Votes,New Life Church,33
"May 24, 2022 - General Primary -Nonpartisan General Election",5/24/2022,Columbia,County Commission Chairperson - Rep,"Douglas R. Duncan, Jr. (I)",Advanced Voting Votes,Columbia Co. Health Dept.,127
"May 24, 2022 - General Primary -Nonpartisan General Election",5/24/2022,Columbia,County Commission Chairperson - Rep,"Douglas R. Duncan, Jr. (I)",Advanced Voting Votes,Harlem Branch Library,213
"May 24, 2022 - General Primary -Nonpartisan General Election",5/24/2022,Columbia,County Commission Chairperson - Rep,"Douglas R. Duncan, Jr. (I)",Advanced Voting Votes,Harlem Senior Center,70
"May 24, 2022 - General Primary -Nonpartisan General Election",5/24/2022,Columbia,County Commission Chairperson - Rep,"Douglas R. Duncan, Jr. (I)",Advanced Voting Votes,Second Mount Moriah Baptist Church,101
"May 24, 2022 - General Primary -Nonpartisan General Election",5/24/2022,Columbia,County Commission Chairperson - Rep,"Douglas R. Duncan, Jr. (I)",Advanced Voting Votes,Bessie Thomas Center,79
"May 24, 2022 - General Primary -Nonpartisan General Election",5/24/2022,Columbia,County Commission Chairperson - Rep,"Douglas R. Duncan, Jr. (I)",Advanced Voting Votes,Philadelphia Church,94
"May 24, 2022 - General Primary -Nonpartisan General Election",5/24/2022,Columbia,County Commission Chairperson - Rep,"Douglas R. Duncan, Jr. (I)",Advanced Voting Votes,Liberty Park-Grovetown,101
"May 24, 2022 - General Primary -Nonpartisan General Election",5/24/2022,Columbia,County Commission Chairperson - Rep,"Douglas R. Duncan, Jr. (I)",Advanced Voting Votes,Grovetown Methodist,57
"May 24, 2022 - General Primary -Nonpartisan General Election",5/24/2022,Columbia,County Commission Chairperson - Rep,"Douglas R. Duncan, Jr. (I)",Advanced Voting Votes,G A Apostolic Church,86
"May 24, 2022 - General Primary -Nonpartisan General Election",5/24/2022,Columbia,County Commission Chairperson - Rep,"Douglas R. Duncan, Jr. (I)",Advanced Voting Votes,Grovetown Dept of Public Safety Station #2,124
"May 24, 2022 - General Primary -Nonpartisan General Election",5/24/2022,Columbia,County Commission Chairperson - Rep,"Douglas R. Duncan, Jr. (I)",Advanced Voting Votes,Grove First Baptist Church,105
"May 24, 2022 - General Primary -Nonpartisan General Election",5/24/2022,Columbia,County Commission Chairperson - Rep,"Douglas R. Duncan, Jr. (I)",Advanced Voting Votes,Eubank/Blanchard Ctr,92
"May 24, 2022 - General Primary -Nonpartisan General Election",5/24/2022,Columbia,County Commission Chairperson - Rep,"Douglas R. Duncan, Jr. (I)",Advanced Voting Votes,Second Mt. Carmel Baptist Church,39
"May 24, 2022 - General Primary -Nonpartisan General Election",5/24/2022,Columbia,County Commission Chairperson - Rep,"Douglas R. Duncan, Jr. (I)",Advanced Voting Votes,Damascus Bapt Church,77
"May 24, 2022 - General Primary -Nonpartisan General Election",5/24/2022,Columbia,County Commission Chairperson - Rep,"Douglas R. Duncan, Jr. (I)",Advanced Voting Votes,Col Cty Board of Edu,185
"May 24, 2022 - General Primary -Nonpartisan General Election",5/24/2022,Columbia,County Commission Chairperson - Rep,"Douglas R. Duncan, Jr. (I)",Advanced Voting Votes,Greenbrier High,266
"May 24, 2022 - General Primary -Nonpartisan General Election",5/24/2022,Columbia,County Commission Chairperson - Rep,"Douglas R. Duncan, Jr. (I)",Advanced Voting Votes,Parkway Baptist Church,243
"May 24, 2022 - General Primary -Nonpartisan General Election",5/24/2022,Columbia,County Commission Chairperson - Rep,"Douglas R. Duncan, Jr. (I)",Advanced Voting Votes,Riverview Church,135
"May 24, 2022 - General Primary -Nonpartisan General Election",5/24/2022,Columbia,County Commission Chairperson - Rep,"Douglas R. Duncan, Jr. (I)",Advanced Voting Votes,Grace Baptist Church,203
"May 24, 2022 - General Primary -Nonpartisan General Election",5/24/2022,Columbia,County Commission Chairperson - Rep,"Douglas R. Duncan, Jr. (I)",Advanced Voting Votes,Christ Sanctified,198
"May 24, 2022 - General Primary -Nonpartisan General Election",5/24/2022,Columbia,County Commission Chairperson - Rep,"Douglas R. Duncan, Jr. (I)",Advanced Voting Votes,Parkway Elementary,172
"May 24, 2022 - General Primary -Nonpartisan General Election",5/24/2022,Columbia,County Commission Chairperson - Rep,"Douglas R. Duncan, Jr. (I)",Advanced Voting Votes,Blanchard Park,97
"May 24, 2022 - General Primary -Nonpartisan General Election",5/24/2022,Columbia,County Commission Chairperson - Rep,"Douglas R. Duncan, Jr. (I)",Advanced Voting Votes,Belair Baptist Church,178
"May 24, 2022 - General Primary -Nonpartisan General Election",5/24/2022,Columbia,County Commission Chairperson - Rep,"Douglas R. Duncan, Jr. (I)",Advanced Voting Votes,Marvin Methodist,87
"May 24, 2022 - General Primary -Nonpartisan General Election",5/24/2022,Columbia,County Commission Chairperson - Rep,"Douglas R. Duncan, Jr. (I)",Advanced Voting Votes,Westside Bapt Church,147
"May 24, 2022 - General Primary -Nonpartisan General Election",5/24/2022,Columbia,County Commission Chairperson - Rep,"Douglas R. Duncan, Jr. (I)",Advanced Voting Votes,Trinity Bapt Church,189
"May 24, 2022 - General Primary -Nonpartisan General Election",5/24/2022,Columbia,County Commission Chairperson - Rep,"Douglas R. Duncan, Jr. (I)",Advanced Voting Votes,Abilene Baptist,122
"May 24, 2022 - General Primary -Nonpartisan General Election",5/24/2022,Columbia,County Commission Chairperson - Rep,"Douglas R. Duncan, Jr. (I)",Advanced Voting Votes,Augusta Christian,120
"May 24, 2022 - General Primary -Nonpartisan General Election",5/24/2022,Columbia,County Commission Chairperson - Rep,"Douglas R. Duncan, Jr. (I)",Advanced Voting Votes,Savannah Rapids Pavilion,206
"May 24, 2022 - General Primary -Nonpartisan General Election",5/24/2022,Columbia,County Commission Chairperson - Rep,"Douglas R. Duncan, Jr. (I)",Advanced Voting Votes,Gospel Water Branch,154
"May 24, 2022 - General Primary -Nonpartisan General Election",5/24/2022,Columbia,County Commission Chairperson - Rep,"Douglas R. Duncan, Jr. (I)",Advanced Voting Votes,Elim Church,137
"May 24, 2022 - General Primary -Nonpartisan General Election",5/24/2022,Columbia,County Commission Chairperson - Rep,"Douglas R. Duncan, Jr. (I)",Advanced Voting Votes,Stevens Creek Church,234
"May 24, 2022 - General Primary -Nonpartisan General Election",5/24/2022,Columbia,County Commission Chairperson - Rep,"Douglas R. Duncan, Jr. (I)",Advanced Voting Votes,Columbia Co. Fire HDQTR,44
"May 24, 2022 - General Primary -Nonpartisan General Election",5/24/2022,Columbia,County Commission Chairperson - Rep,"Douglas R. Duncan, Jr. (I)",Advanced Voting Votes,Lakeside Middle,93
"May 24, 2022 - General Primary -Nonpartisan General Election",5/24/2022,Columbia,County Commission Chairperson - Rep,"Douglas R. Duncan, Jr. (I)",Advanced Voting Votes,Martinez Baptist,45
"May 24, 2022 - General Primary -Nonpartisan General Election",5/24/2022,Columbia,County Commission Chairperson - Rep,"Douglas R. Duncan, Jr. (I)",Advanced Voting Votes,Gold Cross EMS,161
"May 24, 2022 - General Primary -Nonpartisan General Election",5/24/2022,Columbia,County Commission Chairperson - Rep,"Douglas R. Duncan, Jr. (I)",Advanced Voting Votes,Church of Our Savior,110
"May 24, 2022 - General Primary -Nonpartisan General Election",5/24/2022,Columbia,County Commission Chairperson - Rep,"Douglas R. Duncan, Jr. (I)",Advanced Voting Votes,West Acres Baptist,205
"May 24, 2022 - General Primary -Nonpartisan General Election",5/24/2022,Columbia,County Commission Chairperson - Rep,"Douglas R. Duncan, Jr. (I)",Advanced Voting Votes,Journey Comm Church,186
"May 24, 2022 - General Primary -Nonpartisan General Election",5/24/2022,Columbia,County Commission Chairperson - Rep,"Douglas R. Duncan, Jr. (I)",Advanced Voting Votes,Wesley Methodist,258
"May 24, 2022 - General Primary -Nonpartisan General Election",5/24/2022,Columbia,County Commission Chairperson - Rep,"Douglas R. Duncan, Jr. (I)",Advanced Voting Votes,Col Cty Main Library,226
"May 24, 2022 - General Primary -Nonpartisan General Election",5/24/2022,Columbia,County Commission Chairperson - Rep,"Douglas R. Duncan, Jr. (I)",Advanced Voting Votes,Christ Church Presbyterian,160
"May 24, 2022 - General Primary -Nonpartisan General Election",5/24/2022,Columbia,County Commission Chairperson - Rep,"Douglas R. Duncan, Jr. (I)",Advanced Voting Votes,Blueridge Elementary,152
"May 24, 2022 - General Primary -Nonpartisan General Election",5/24/2022,Columbia,County Commission Chairperson - Rep,"Douglas R. Duncan, Jr. (I)",Advanced Voting Votes,Christ The King Church,209
"May 24, 2022 - General Primary -Nonpartisan General Election",5/24/2022,Columbia,County Commission Chairperson - Rep,"Douglas R. Duncan, Jr. (I)",Absentee by Mail Votes,Kiokee Bapt Church,14
"May 24, 2022 - General Primary -Nonpartisan General Election",5/24/2022,Columbia,County Commission Chairperson - Rep,"Douglas R. Duncan, Jr. (I)",Absentee by Mail Votes,Stevens Creek Church-Grovetown,0
"May 24, 2022 - General Primary -Nonpartisan General Election",5/24/2022,Columbia,County Commission Chairperson - Rep,"Douglas R. Duncan, Jr. (I)",Absentee by Mail Votes,Lewis Methodist,9
"May 24, 2022 - General Primary -Nonpartisan General Election",5/24/2022,Columbia,County Commission Chairperson - Rep,"Douglas R. Duncan, Jr. (I)",Absentee by Mail Votes,Woodlawn Bapt Church,6
"May 24, 2022 - General Primary -Nonpartisan General Election",5/24/2022,Columbia,County Commission Chairperson - Rep,"Douglas R. Duncan, Jr. (I)",Absentee by Mail Votes,Patriots Park,7
"May 24, 2022 - General Primary -Nonpartisan General Election",5/24/2022,Columbia,County Commission Chairperson - Rep,"Douglas R. Duncan, Jr. (I)",Absentee by Mail Votes,New Life Church,2
"May 24, 2022 - General Primary -Nonpartisan General Election",5/24/2022,Columbia,County Commission Chairperson - Rep,"Douglas R. Duncan, Jr. (I)",Absentee by Mail Votes,Columbia Co. Health Dept.,5
"May 24, 2022 - General Primary -Nonpartisan General Election",5/24/2022,Columbia,County Commission Chairperson - Rep,"Douglas R. Duncan, Jr. (I)",Absentee by Mail Votes,Harlem Branch Library,13
"May 24, 2022 - General Primary -Nonpartisan General Election",5/24/2022,Columbia,County Commission Chairperson - Rep,"Douglas R. Duncan, Jr. (I)",Absentee by Mail Votes,Harlem Senior Center,0
"May 24, 2022 - General Primary -Nonpartisan General Election",5/24/2022,Columbia,County Commission Chairperson - Rep,"Douglas R. Duncan, Jr. (I)",Absentee by Mail Votes,Second Mount Moriah Baptist Church,7
"May 24, 2022 - General Primary -Nonpartisan General Election",5/24/2022,Columbia,County Commission Chairperson - Rep,"Douglas R. Duncan, Jr. (I)",Absentee by Mail Votes,Bessie Thomas Center,2
"May 24, 2022 - General Primary -Nonpartisan General Election",5/24/2022,Columbia,County Commission Chairperson - Rep,"Douglas R. Duncan, Jr. (I)",Absentee by Mail Votes,Philadelphia Church,6
"May 24, 2022 - General Primary -Nonpartisan General Election",5/24/2022,Columbia,County Commission Chairperson - Rep,"Douglas R. Duncan, Jr. (I)",Absentee by Mail Votes,Liberty Park-Grovetown,3
"May 24, 2022 - General Primary -Nonpartisan General Election",5/24/2022,Columbia,County Commission Chairperson - Rep,"Douglas R. Duncan, Jr. (I)",Absentee by Mail Votes,Grovetown Methodist,5
"May 24, 2022 - General Primary -Nonpartisan General Election",5/24/2022,Columbia,County Commission Chairperson - Rep,"Douglas R. Duncan, Jr. (I)",Absentee by Mail Votes,G A Apostolic Church,13
"May 24, 2022 - General Primary -Nonpartisan General Election",5/24/2022,Columbia,County Commission Chairperson - Rep,"Douglas R. Duncan, Jr. (I)",Absentee by Mail Votes,Grovetown Dept of Public Safety Station #2,3
"May 24, 2022 - General Primary -Nonpartisan General Election",5/24/2022,Columbia,County Commission Chairperson - Rep,"Douglas R. Duncan, Jr. (I)",Absentee by Mail Votes,Grove First Baptist Church,3
"May 24, 2022 - General Primary -Nonpartisan General Election",5/24/2022,Columbia,County Commission Chairperson - Rep,"Douglas R. Duncan, Jr. (I)",Absentee by Mail Votes,Eubank/Blanchard Ctr,3
"May 24, 2022 - General Primary -Nonpartisan General Election",5/24/2022,Columbia,County Commission Chairperson - Rep,"Douglas R. Duncan, Jr. (I)",Absentee by Mail Votes,Second Mt. Carmel Baptist Church,3
"May 24, 2022 - General Primary -Nonpartisan General Election",5/24/2022,Columbia,County Commission Chairperson - Rep,"Douglas R. Duncan, Jr. (I)",Absentee by Mail Votes,Damascus Bapt Church,8
"May 24, 2022 - General Primary -Nonpartisan General Election",5/24/2022,Columbia,County Commission Chairperson - Rep,"Douglas R. Duncan, Jr. (I)",Absentee by Mail Votes,Col Cty Board of Edu,13
"May 24, 2022 - General Primary -Nonpartisan General Election",5/24/2022,Columbia,County Commission Chairperson - Rep,"Douglas R. Duncan, Jr. (I)",Absentee by Mail Votes,Greenbrier High,16
"May 24, 2022 - General Primary -Nonpartisan General Election",5/24/2022,Columbia,County Commission Chairperson - Rep,"Douglas R. Duncan, Jr. (I)",Absentee by Mail Votes,Parkway Baptist Church,18
"May 24, 2022 - General Primary -Nonpartisan General Election",5/24/2022,Columbia,County Commission Chairperson - Rep,"Douglas R. Duncan, Jr. (I)",Absentee by Mail Votes,Riverview Church,6
"May 24, 2022 - General Primary -Nonpartisan General Election",5/24/2022,Columbia,County Commission Chairperson - Rep,"Douglas R. Duncan, Jr. (I)",Absentee by Mail Votes,Grace Baptist Church,8
"May 24, 2022 - General Primary -Nonpartisan General Election",5/24/2022,Columbia,County Commission Chairperson - Rep,"Douglas R. Duncan, Jr. (I)",Absentee by Mail Votes,Christ Sanctified,13
"May 24, 2022 - General Primary -Nonpartisan General Election",5/24/2022,Columbia,County Commission Chairperson - Rep,"Douglas R. Duncan, Jr. (I)",Absentee by Mail Votes,Parkway Elementary,8
"May 24, 2022 - General Primary -Nonpartisan General Election",5/24/2022,Columbia,County Commission Chairperson - Rep,"Douglas R. Duncan, Jr. (I)",Absentee by Mail Votes,Blanchard Park,10
"May 24, 2022 - General Primary -Nonpartisan General Election",5/24/2022,Columbia,County Commission Chairperson - Rep,"Douglas R. Duncan, Jr. (I)",Absentee by Mail Votes,Belair Baptist Church,14
"May 24, 2022 - General Primary -Nonpartisan General Election",5/24/2022,Columbia,County Commission Chairperson - Rep,"Douglas R. Duncan, Jr. (I)",Absentee by Mail Votes,Marvin Methodist,5
"May 24, 2022 - General Primary -Nonpartisan General Election",5/24/2022,Columbia,County Commission Chairperson - Rep,"Douglas R. Duncan, Jr. (I)",Absentee by Mail Votes,Westside Bapt Church,13
"May 24, 2022 - General Primary -Nonpartisan General Election",5/24/2022,Columbia,County Commission Chairperson - Rep,"Douglas R. Duncan, Jr. (I)",Absentee by Mail Votes,Trinity Bapt Church,13
"May 24, 2022 - General Primary -Nonpartisan General Election",5/24/2022,Columbia,County Commission Chairperson - Rep,"Douglas R. Duncan, Jr. (I)",Absentee by Mail Votes,Abilene Baptist,14
"May 24, 2022 - General Primary -Nonpartisan General Election",5/24/2022,Columbia,County Commission Chairperson - Rep,"Douglas R. Duncan, Jr. (I)",Absentee by Mail Votes,Augusta Christian,24
"May 24, 2022 - General Primary -Nonpartisan General Election",5/24/2022,Columbia,County Commission Chairperson - Rep,"Douglas R. Duncan, Jr. (I)",Absentee by Mail Votes,Savannah Rapids Pavilion,20
"May 24, 2022 - General Primary -Nonpartisan General Election",5/24/2022,Columbia,County Commission Chairperson - Rep,"Douglas R. Duncan, Jr. (I)",Absentee by Mail Votes,Gospel Water Branch,8
"May 24, 2022 - General Primary -Nonpartisan General Election",5/24/2022,Columbia,County Commission Chairperson - Rep,"Douglas R. Duncan, Jr. (I)",Absentee by Mail Votes,Elim Church,18
"May 24, 2022 - General Primary -Nonpartisan General Election",5/24/2022,Columbia,County Commission Chairperson - Rep,"Douglas R. Duncan, Jr. (I)",Absentee by Mail Votes,Stevens Creek Church,16
"May 24, 2022 - General Primary -Nonpartisan General Election",5/24/2022,Columbia,County Commission Chairperson - Rep,"Douglas R. Duncan, Jr. (I)",Absentee by Mail Votes,Columbia Co. Fire HDQTR,0
"May 24, 2022 - General Primary -Nonpartisan General Election",5/24/2022,Columbia,County Commission Chairperson - Rep,"Douglas R. Duncan, Jr. (I)",Absentee by Mail Votes,Lakeside Middle,2
"May 24, 2022 - General Primary -Nonpartisan General Election",5/24/2022,Columbia,County Commission Chairperson - Rep,"Douglas R. Duncan, Jr. (I)",Absentee by Mail Votes,Martinez Baptist,6
"May 24, 2022 - General Primary -Nonpartisan General Election",5/24/2022,Columbia,County Commission Chairperson - Rep,"Douglas R. Duncan, Jr. (I)",Absentee by Mail Votes,Gold Cross EMS,70
"May 24, 2022 - General Primary -Nonpartisan General Election",5/24/2022,Columbia,County Commission Chairperson - Rep,"Douglas R. Duncan, Jr. (I)",Absentee by Mail Votes,Church of Our Savior,13
"May 24, 2022 - General Primary -Nonpartisan General Election",5/24/2022,Columbia,County Commission Chairperson - Rep,"Douglas R. Duncan, Jr. (I)",Absentee by Mail Votes,West Acres Baptist,17
"May 24, 2022 - General Primary -Nonpartisan General Election",5/24/2022,Columbia,County Commission Chairperson - Rep,"Douglas R. Duncan, Jr. (I)",Absentee by Mail Votes,Journey Comm Church,15
"May 24, 2022 - General Primary -Nonpartisan General Election",5/24/2022,Columbia,County Commission Chairperson - Rep,"Douglas R. Duncan, Jr. (I)",Absentee by Mail Votes,Wesley Methodist,10
"May 24, 2022 - General Primary -Nonpartisan General Election",5/24/2022,Columbia,County Commission Chairperson - Rep,"Douglas R. Duncan, Jr. (I)",Absentee by Mail Votes,Col Cty Main Library,7
"May 24, 2022 - General Primary -Nonpartisan General Election",5/24/2022,Columbia,County Commission Chairperson - Rep,"Douglas R. Duncan, Jr. (I)",Absentee by Mail Votes,Christ Church Presbyterian,7
"May 24, 2022 - General Primary -Nonpartisan General Election",5/24/2022,Columbia,County Commission Chairperson - Rep,"Douglas R. Duncan, Jr. (I)",Absentee by Mail Votes,Blueridge Elementary,11
"May 24, 2022 - General Primary -Nonpartisan General Election",5/24/2022,Columbia,County Commission Chairperson - Rep,"Douglas R. Duncan, Jr. (I)",Absentee by Mail Votes,Christ The King Church,15
"May 24, 2022 - General Primary -Nonpartisan General Election",5/24/2022,Columbia,County Commission Chairperson - Rep,"Douglas R. Duncan, Jr. (I)",Provisional Votes,Kiokee Bapt Church,0
"May 24, 2022 - General Primary -Nonpartisan General Election",5/24/2022,Columbia,County Commission Chairperson - Rep,"Douglas R. Duncan, Jr. (I)",Provisional Votes,Stevens Creek Church-Grovetown,0
"May 24, 2022 - General Primary -Nonpartisan General Election",5/24/2022,Columbia,County Commission Chairperson - Rep,"Douglas R. Duncan, Jr. (I)",Provisional Votes,Lewis Methodist,0
"May 24, 2022 - General Primary -Nonpartisan General Election",5/24/2022,Columbia,County Commission Chairperson - Rep,"Douglas R. Duncan, Jr. (I)",Provisional Votes,Woodlawn Bapt Church,0
"May 24, 2022 - General Primary -Nonpartisan General Election",5/24/2022,Columbia,County Commission Chairperson - Rep,"Douglas R. Duncan, Jr. (I)",Provisional Votes,Patriots Park,0
"May 24, 2022 - General Primary -Nonpartisan General Election",5/24/2022,Columbia,County Commission Chairperson - Rep,"Douglas R. Duncan, Jr. (I)",Provisional Votes,New Life Church,0
"May 24, 2022 - General Primary -Nonpartisan General Election",5/24/2022,Columbia,County Commission Chairperson - Rep,"Douglas R. Duncan, Jr. (I)",Provisional Votes,Columbia Co. Health Dept.,1
"May 24, 2022 - General Primary -Nonpartisan General Election",5/24/2022,Columbia,County Commission Chairperson - Rep,"Douglas R. Duncan, Jr. (I)",Provisional Votes,Harlem Branch Library,1
"May 24, 2022 - General Primary -Nonpartisan General Election",5/24/2022,Columbia,County Commission Chairperson - Rep,"Douglas R. Duncan, Jr. (I)",Provisional Votes,Harlem Senior Center,0
"May 24, 2022 - General Primary -Nonpartisan General Election",5/24/2022,Columbia,County Commission Chairperson - Rep,"Douglas R. Duncan, Jr. (I)",Provisional Votes,Second Mount Moriah Baptist Church,0
"May 24, 2022 - General Primary -Nonpartisan General Election",5/24/2022,Columbia,County Commission Chairperson - Rep,"Douglas R. Duncan, Jr. (I)",Provisional Votes,Bessie Thomas Center,0
"May 24, 2022 - General Primary -Nonpartisan General Election",5/24/2022,Columbia,County Commission Chairperson - Rep,"Douglas R. Duncan, Jr. (I)",Provisional Votes,Philadelphia Church,1
"May 24, 2022 - General Primary -Nonpartisan General Election",5/24/2022,Columbia,County Commission Chairperson - Rep,"Douglas R. Duncan, Jr. (I)",Provisional Votes,Liberty Park-Grovetown,0
"May 24, 2022 - General Primary -Nonpartisan General Election",5/24/2022,Columbia,County Commission Chairperson - Rep,"Douglas R. Duncan, Jr. (I)",Provisional Votes,Grovetown Methodist,0
"May 24, 2022 - General Primary -Nonpartisan General Election",5/24/2022,Columbia,County Commission Chairperson - Rep,"Douglas R. Duncan, Jr. (I)",Provisional Votes,G A Apostolic Church,0
"May 24, 2022 - General Primary -Nonpartisan General Election",5/24/2022,Columbia,County Commission Chairperson - Rep,"Douglas R. Duncan, Jr. (I)",Provisional Votes,Grovetown Dept of Public Safety Station #2,0
"May 24, 2022 - General Primary -Nonpartisan General Election",5/24/2022,Columbia,County Commission Chairperson - Rep,"Douglas R. Duncan, Jr. (I)",Provisional Votes,Grove First Baptist Church,0
"May 24, 2022 - General Primary -Nonpartisan General Election",5/24/2022,Columbia,County Commission Chairperson - Rep,"Douglas R. Duncan, Jr. (I)",Provisional Votes,Eubank/Blanchard Ctr,0
"May 24, 2022 - General Primary -Nonpartisan General Election",5/24/2022,Columbia,County Commission Chairperson - Rep,"Douglas R. Duncan, Jr. (I)",Provisional Votes,Second Mt. Carmel Baptist Church,0
"May 24, 2022 - General Primary -Nonpartisan General Election",5/24/2022,Columbia,County Commission Chairperson - Rep,"Douglas R. Duncan, Jr. (I)",Provisional Votes,Damascus Bapt Church,0
"May 24, 2022 - General Primary -Nonpartisan General Election",5/24/2022,Columbia,County Commission Chairperson - Rep,"Douglas R. Duncan, Jr. (I)",Provisional Votes,Col Cty Board of Edu,0
"May 24, 2022 - General Primary -Nonpartisan General Election",5/24/2022,Columbia,County Commission Chairperson - Rep,"Douglas R. Duncan, Jr. (I)",Provisional Votes,Greenbrier High,0
"May 24, 2022 - General Primary -Nonpartisan General Election",5/24/2022,Columbia,County Commission Chairperson - Rep,"Douglas R. Duncan, Jr. (I)",Provisional Votes,Parkway Baptist Church,0
"May 24, 2022 - General Primary -Nonpartisan General Election",5/24/2022,Columbia,County Commission Chairperson - Rep,"Douglas R. Duncan, Jr. (I)",Provisional Votes,Riverview Church,0
"May 24, 2022 - General Primary -Nonpartisan General Election",5/24/2022,Columbia,County Commission Chairperson - Rep,"Douglas R. Duncan, Jr. (I)",Provisional Votes,Grace Baptist Church,0
"May 24, 2022 - General Primary -Nonpartisan General Election",5/24/2022,Columbia,County Commission Chairperson - Rep,"Douglas R. Duncan, Jr. (I)",Provisional Votes,Christ Sanctified,1
"May 24, 2022 - General Primary -Nonpartisan General Election",5/24/2022,Columbia,County Commission Chairperson - Rep,"Douglas R. Duncan, Jr. (I)",Provisional Votes,Parkway Elementary,1
"May 24, 2022 - General Primary -Nonpartisan General Election",5/24/2022,Columbia,County Commission Chairperson - Rep,"Douglas R. Duncan, Jr. (I)",Provisional Votes,Blanchard Park,0
"May 24, 2022 - General Primary -Nonpartisan General Election",5/24/2022,Columbia,County Commission Chairperson - Rep,"Douglas R. Duncan, Jr. (I)",Provisional Votes,Belair Baptist Church,0
"May 24, 2022 - General Primary -Nonpartisan General Election",5/24/2022,Columbia,County Commission Chairperson - Rep,"Douglas R. Duncan, Jr. (I)",Provisional Votes,Marvin Methodist,0
"May 24, 2022 - General Primary -Nonpartisan General Election",5/24/2022,Columbia,County Commission Chairperson - Rep,"Douglas R. Duncan, Jr. (I)",Provisional Votes,Westside Bapt Church,0
"May 24, 2022 - General Primary -Nonpartisan General Election",5/24/2022,Columbia,County Commission Chairperson - Rep,"Douglas R. Duncan, Jr. (I)",Provisional Votes,Trinity Bapt Church,0
"May 24, 2022 - General Primary -Nonpartisan General Election",5/24/2022,Columbia,County Commission Chairperson - Rep,"Douglas R. Duncan, Jr. (I)",Provisional Votes,Abilene Baptist,0
"May 24, 2022 - General Primary -Nonpartisan General Election",5/24/2022,Columbia,County Commission Chairperson - Rep,"Douglas R. Duncan, Jr. (I)",Provisional Votes,Augusta Christian,0
"May 24, 2022 - General Primary -Nonpartisan General Election",5/24/2022,Columbia,County Commission Chairperson - Rep,"Douglas R. Duncan, Jr. (I)",Provisional Votes,Savannah Rapids Pavilion,0
"May 24, 2022 - General Primary -Nonpartisan General Election",5/24/2022,Columbia,County Commission Chairperson - Rep,"Douglas R. Duncan, Jr. (I)",Provisional Votes,Gospel Water Branch,0
"May 24, 2022 - General Primary -Nonpartisan General Election",5/24/2022,Columbia,County Commission Chairperson - Rep,"Douglas R. Duncan, Jr. (I)",Provisional Votes,Elim Church,0
"May 24, 2022 - General Primary -Nonpartisan General Election",5/24/2022,Columbia,County Commission Chairperson - Rep,"Douglas R. Duncan, Jr. (I)",Provisional Votes,Stevens Creek Church,0
"May 24, 2022 - General Primary -Nonpartisan General Election",5/24/2022,Columbia,County Commission Chairperson - Rep,"Douglas R. Duncan, Jr. (I)",Provisional Votes,Columbia Co. Fire HDQTR,0
"May 24, 2022 - General Primary -Nonpartisan General Election",5/24/2022,Columbia,County Commission Chairperson - Rep,"Douglas R. Duncan, Jr. (I)",Provisional Votes,Lakeside Middle,0
"May 24, 2022 - General Primary -Nonpartisan General Election",5/24/2022,Columbia,County Commission Chairperson - Rep,"Douglas R. Duncan, Jr. (I)",Provisional Votes,Martinez Baptist,0
"May 24, 2022 - General Primary -Nonpartisan General Election",5/24/2022,Columbia,County Commission Chairperson - Rep,"Douglas R. Duncan, Jr. (I)",Provisional Votes,Gold Cross EMS,1
"May 24, 2022 - General Primary -Nonpartisan General Election",5/24/2022,Columbia,County Commission Chairperson - Rep,"Douglas R. Duncan, Jr. (I)",Provisional Votes,Church of Our Savior,0
"May 24, 2022 - General Primary -Nonpartisan General Election",5/24/2022,Columbia,County Commission Chairperson - Rep,"Douglas R. Duncan, Jr. (I)",Provisional Votes,West Acres Baptist,0
"May 24, 2022 - General Primary -Nonpartisan General Election",5/24/2022,Columbia,County Commission Chairperson - Rep,"Douglas R. Duncan, Jr. (I)",Provisional Votes,Journey Comm Church,0
"May 24, 2022 - General Primary -Nonpartisan General Election",5/24/2022,Columbia,County Commission Chairperson - Rep,"Douglas R. Duncan, Jr. (I)",Provisional Votes,Wesley Methodist,1
"May 24, 2022 - General Primary -Nonpartisan General Election",5/24/2022,Columbia,County Commission Chairperson - Rep,"Douglas R. Duncan, Jr. (I)",Provisional Votes,Col Cty Main Library,0
"May 24, 2022 - General Primary -Nonpartisan General Election",5/24/2022,Columbia,County Commission Chairperson - Rep,"Douglas R. Duncan, Jr. (I)",Provisional Votes,Christ Church Presbyterian,0
"May 24, 2022 - General Primary -Nonpartisan General Election",5/24/2022,Columbia,County Commission Chairperson - Rep,"Douglas R. Duncan, Jr. (I)",Provisional Votes,Blueridge Elementary,0
"May 24, 2022 - General Primary -Nonpartisan General Election",5/24/2022,Columbia,County Commission Chairperson - Rep,"Douglas R. Duncan, Jr. (I)",Provisional Votes,Christ The King Church,0
"May 24, 2022 - General Primary -Nonpartisan General Election",5/24/2022,Columbia,County Commission - District 1 - Rep,Connie M. Melear (I),Election Day Votes,Riverview Church,175
"May 24, 2022 - General Primary -Nonpartisan General Election",5/24/2022,Columbia,County Commission - District 1 - Rep,Connie M. Melear (I),Election Day Votes,Augusta Christian,264
"May 24, 2022 - General Primary -Nonpartisan General Election",5/24/2022,Columbia,County Commission - District 1 - Rep,Connie M. Melear (I),Election Day Votes,Savannah Rapids Pavilion,270
"May 24, 2022 - General Primary -Nonpartisan General Election",5/24/2022,Columbia,County Commission - District 1 - Rep,Connie M. Melear (I),Election Day Votes,Gospel Water Branch,322
"May 24, 2022 - General Primary -Nonpartisan General Election",5/24/2022,Columbia,County Commission - District 1 - Rep,Connie M. Melear (I),Election Day Votes,Elim Church,293
"May 24, 2022 - General Primary -Nonpartisan General Election",5/24/2022,Columbia,County Commission - District 1 - Rep,Connie M. Melear (I),Election Day Votes,Stevens Creek Church,504
"May 24, 2022 - General Primary -Nonpartisan General Election",5/24/2022,Columbia,County Commission - District 1 - Rep,Connie M. Melear (I),Election Day Votes,Columbia Co. Fire HDQTR,127
"May 24, 2022 - General Primary -Nonpartisan General Election",5/24/2022,Columbia,County Commission - District 1 - Rep,Connie M. Melear (I),Election Day Votes,Lakeside Middle,181
"May 24, 2022 - General Primary -Nonpartisan General Election",5/24/2022,Columbia,County Commission - District 1 - Rep,Connie M. Melear (I),Election Day Votes,Martinez Baptist,248
"May 24, 2022 - General Primary -Nonpartisan General Election",5/24/2022,Columbia,County Commission - District 1 - Rep,Connie M. Melear (I),Election Day Votes,Journey Comm Church,235
"May 24, 2022 - General Primary -Nonpartisan General Election",5/24/2022,Columbia,County Commission - District 1 - Rep,Connie M. Melear (I),Election Day Votes,Wesley Methodist,333
"May 24, 2022 - General Primary -Nonpartisan General Election",5/24/2022,Columbia,County Commission - District 1 - Rep,Connie M. Melear (I),Election Day Votes,Col Cty Main Library,269
"May 24, 2022 - General Primary -Nonpartisan General Election",5/24/2022,Columbia,County Commission - District 1 - Rep,Connie M. Melear (I),Election Day Votes,Christ Church Presbyterian,319
"May 24, 2022 - General Primary -Nonpartisan General Election",5/24/2022,Columbia,County Commission - District 1 - Rep,Connie M. Melear (I),Election Day Votes,Blueridge Elementary,206
"May 24, 2022 - General Primary -Nonpartisan General Election",5/24/2022,Columbia,County Commission - District 1 - Rep,Connie M. Melear (I),Election Day Votes,Christ The King Church,350
"May 24, 2022 - General Primary -Nonpartisan General Election",5/24/2022,Columbia,County Commission - District 1 - Rep,Connie M. Melear (I),Advanced Voting Votes,Riverview Church,133
"May 24, 2022 - General Primary -Nonpartisan General Election",5/24/2022,Columbia,County Commission - District 1 - Rep,Connie M. Melear (I),Advanced Voting Votes,Augusta Christian,120
"May 24, 2022 - General Primary -Nonpartisan General Election",5/24/2022,Columbia,County Commission - District 1 - Rep,Connie M. Melear (I),Advanced Voting Votes,Savannah Rapids Pavilion,200
"May 24, 2022 - General Primary -Nonpartisan General Election",5/24/2022,Columbia,County Commission - District 1 - Rep,Connie M. Melear (I),Advanced Voting Votes,Gospel Water Branch,152
"May 24, 2022 - General Primary -Nonpartisan General Election",5/24/2022,Columbia,County Commission - District 1 - Rep,Connie M. Melear (I),Advanced Voting Votes,Elim Church,138
"May 24, 2022 - General Primary -Nonpartisan General Election",5/24/2022,Columbia,County Commission - District 1 - Rep,Connie M. Melear (I),Advanced Voting Votes,Stevens Creek Church,238
"May 24, 2022 - General Primary -Nonpartisan General Election",5/24/2022,Columbia,County Commission - District 1 - Rep,Connie M. Melear (I),Advanced Voting Votes,Columbia Co. Fire HDQTR,44
"May 24, 2022 - General Primary -Nonpartisan General Election",5/24/2022,Columbia,County Commission - District 1 - Rep,Connie M. Melear (I),Advanced Voting Votes,Lakeside Middle,91
"May 24, 2022 - General Primary -Nonpartisan General Election",5/24/2022,Columbia,County Commission - District 1 - Rep,Connie M. Melear (I),Advanced Voting Votes,Martinez Baptist,45
"May 24, 2022 - General Primary -Nonpartisan General Election",5/24/2022,Columbia,County Commission - District 1 - Rep,Connie M. Melear (I),Advanced Voting Votes,Journey Comm Church,181
"May 24, 2022 - General Primary -Nonpartisan General Election",5/24/2022,Columbia,County Commission - District 1 - Rep,Connie M. Melear (I),Advanced Voting Votes,Wesley Methodist,256
"May 24, 2022 - General Primary -Nonpartisan General Election",5/24/2022,Columbia,County Commission - District 1 - Rep,Connie M. Melear (I),Advanced Voting Votes,Col Cty Main Library,227
"May 24, 2022 - General Primary -Nonpartisan General Election",5/24/2022,Columbia,County Commission - District 1 - Rep,Connie M. Melear (I),Advanced Voting Votes,Christ Church Presbyterian,159
"May 24, 2022 - General Primary -Nonpartisan General Election",5/24/2022,Columbia,County Commission - District 1 - Rep,Connie M. Melear (I),Advanced Voting Votes,Blueridge Elementary,151
"May 24, 2022 - General Primary -Nonpartisan General Election",5/24/2022,Columbia,County Commission - District 1 - Rep,Connie M. Melear (I),Advanced Voting Votes,Christ The King Church,208
"May 24, 2022 - General Primary -Nonpartisan General Election",5/24/2022,Columbia,County Commission - District 1 - Rep,Connie M. Melear (I),Absentee by Mail Votes,Riverview Church,6
"May 24, 2022 - General Primary -Nonpartisan General Election",5/24/2022,Columbia,County Commission - District 1 - Rep,Connie M. Melear (I),Absentee by Mail Votes,Augusta Christian,22
"May 24, 2022 - General Primary -Nonpartisan General Election",5/24/2022,Columbia,County Commission - District 1 - Rep,Connie M. Melear (I),Absentee by Mail Votes,Savannah Rapids Pavilion,19
"May 24, 2022 - General Primary -Nonpartisan General Election",5/24/2022,Columbia,County Commission - District 1 - Rep,Connie M. Melear (I),Absentee by Mail Votes,Gospel Water Branch,8
"May 24, 2022 - General Primary -Nonpartisan General Election",5/24/2022,Columbia,County Commission - District 1 - Rep,Connie M. Melear (I),Absentee by Mail Votes,Elim Church,15
"May 24, 2022 - General Primary -Nonpartisan General Election",5/24/2022,Columbia,County Commission - District 1 - Rep,Connie M. Melear (I),Absentee by Mail Votes,Stevens Creek Church,16
"May 24, 2022 - General Primary -Nonpartisan General Election",5/24/2022,Columbia,County Commission - District 1 - Rep,Connie M. Melear (I),Absentee by Mail Votes,Columbia Co. Fire HDQTR,0
"May 24, 2022 - General Primary -Nonpartisan General Election",5/24/2022,Columbia,County Commission - District 1 - Rep,Connie M. Melear (I),Absentee by Mail Votes,Lakeside Middle,2
"May 24, 2022 - General Primary -Nonpartisan General Election",5/24/2022,Columbia,County Commission - District 1 - Rep,Connie M. Melear (I),Absentee by Mail Votes,Martinez Baptist,6
"May 24, 2022 - General Primary -Nonpartisan General Election",5/24/2022,Columbia,County Commission - District 1 - Rep,Connie M. Melear (I),Absentee by Mail Votes,Journey Comm Church,16
"May 24, 2022 - General Primary -Nonpartisan General Election",5/24/2022,Columbia,County Commission - District 1 - Rep,Connie M. Melear (I),Absentee by Mail Votes,Wesley Methodist,11
"May 24, 2022 - General Primary -Nonpartisan General Election",5/24/2022,Columbia,County Commission - District 1 - Rep,Connie M. Melear (I),Absentee by Mail Votes,Col Cty Main Library,7
"May 24, 2022 - General Primary -Nonpartisan General Election",5/24/2022,Columbia,County Commission - District 1 - Rep,Connie M. Melear (I),Absentee by Mail Votes,Christ Church Presbyterian,7
"May 24, 2022 - General Primary -Nonpartisan General Election",5/24/2022,Columbia,County Commission - District 1 - Rep,Connie M. Melear (I),Absentee by Mail Votes,Blueridge Elementary,11
"May 24, 2022 - General Primary -Nonpartisan General Election",5/24/2022,Columbia,County Commission - District 1 - Rep,Connie M. Melear (I),Absentee by Mail Votes,Christ The King Church,15
"May 24, 2022 - General Primary -Nonpartisan General Election",5/24/2022,Columbia,County Commission - District 1 - Rep,Connie M. Melear (I),Provisional Votes,Riverview Church,0
"May 24, 2022 - General Primary -Nonpartisan General Election",5/24/2022,Columbia,County Commission - District 1 - Rep,Connie M. Melear (I),Provisional Votes,Augusta Christian,0
"May 24, 2022 - General Primary -Nonpartisan General Election",5/24/2022,Columbia,County Commission - District 1 - Rep,Connie M. Melear (I),Provisional Votes,Savannah Rapids Pavilion,0
"May 24, 2022 - General Primary -Nonpartisan General Election",5/24/2022,Columbia,County Commission - District 1 - Rep,Connie M. Melear (I),Provisional Votes,Gospel Water Branch,0
"May 24, 2022 - General Primary -Nonpartisan General Election",5/24/2022,Columbia,County Commission - District 1 - Rep,Connie M. Melear (I),Provisional Votes,Elim Church,0
"May 24, 2022 - General Primary -Nonpartisan General Election",5/24/2022,Columbia,County Commission - District 1 - Rep,Connie M. Melear (I),Provisional Votes,Stevens Creek Church,0
"May 24, 2022 - General Primary -Nonpartisan General Election",5/24/2022,Columbia,County Commission - District 1 - Rep,Connie M. Melear (I),Provisional Votes,Columbia Co. Fire HDQTR,0
"May 24, 2022 - General Primary -Nonpartisan General Election",5/24/2022,Columbia,County Commission - District 1 - Rep,Connie M. Melear (I),Provisional Votes,Lakeside Middle,0
"May 24, 2022 - General Primary -Nonpartisan General Election",5/24/2022,Columbia,County Commission - District 1 - Rep,Connie M. Melear (I),Provisional Votes,Martinez Baptist,0
"May 24, 2022 - General Primary -Nonpartisan General Election",5/24/2022,Columbia,County Commission - District 1 - Rep,Connie M. Melear (I),Provisional Votes,Journey Comm Church,0
"May 24, 2022 - General Primary -Nonpartisan General Election",5/24/2022,Columbia,County Commission - District 1 - Rep,Connie M. Melear (I),Provisional Votes,Wesley Methodist,1
"May 24, 2022 - General Primary -Nonpartisan General Election",5/24/2022,Columbia,County Commission - District 1 - Rep,Connie M. Melear (I),Provisional Votes,Col Cty Main Library,0
"May 24, 2022 - General Primary -Nonpartisan General Election",5/24/2022,Columbia,County Commission - District 1 - Rep,Connie M. Melear (I),Provisional Votes,Christ Church Presbyterian,0
"May 24, 2022 - General Primary -Nonpartisan General Election",5/24/2022,Columbia,County Commission - District 1 - Rep,Connie M. Melear (I),Provisional Votes,Blueridge Elementary,0
"May 24, 2022 - General Primary -Nonpartisan General Election",5/24/2022,Columbia,County Commission - District 1 - Rep,Connie M. Melear (I),Provisional Votes,Christ The King Church,0
"May 24, 2022 - General Primary -Nonpartisan General Election",5/24/2022,Columbia,County Commission - District 4 - Rep,Alison Couch,Election Day Votes,Kiokee Bapt Church,309
"May 24, 2022 - General Primary -Nonpartisan General Election",5/24/2022,Columbia,County Commission - District 4 - Rep,Alison Couch,Election Day Votes,Harlem Branch Library,272
"May 24, 2022 - General Primary -Nonpartisan General Election",5/24/2022,Columbia,County Commission - District 4 - Rep,Alison Couch,Election Day Votes,Harlem Senior Center,198
"May 24, 2022 - General Primary -Nonpartisan General Election",5/24/2022,Columbia,County Commission - District 4 - Rep,Alison Couch,Election Day Votes,Second Mount Moriah Baptist Church,146
"May 24, 2022 - General Primary -Nonpartisan General Election",5/24/2022,Columbia,County Commission - District 4 - Rep,Alison Couch,Election Day Votes,Bessie Thomas Center,116
"May 24, 2022 - General Primary -Nonpartisan General Election",5/24/2022,Columbia,County Commission - District 4 - Rep,Alison Couch,Election Day Votes,Philadelphia Church,78
"May 24, 2022 - General Primary -Nonpartisan General Election",5/24/2022,Columbia,County Commission - District 4 - Rep,Alison Couch,Election Day Votes,Liberty Park-Grovetown,120
"May 24, 2022 - General Primary -Nonpartisan General Election",5/24/2022,Columbia,County Commission - District 4 - Rep,Alison Couch,Election Day Votes,Grovetown Methodist,64
"May 24, 2022 - General Primary -Nonpartisan General Election",5/24/2022,Columbia,County Commission - District 4 - Rep,Alison Couch,Election Day Votes,Grovetown Dept of Public Safety Station #2,115
"May 24, 2022 - General Primary -Nonpartisan General Election",5/24/2022,Columbia,County Commission - District 4 - Rep,Alison Couch,Election Day Votes,Grove First Baptist Church,71
"May 24, 2022 - General Primary -Nonpartisan General Election",5/24/2022,Columbia,County Commission - District 4 - Rep,Alison Couch,Advanced Voting Votes,Kiokee Bapt Church,102
"May 24, 2022 - General Primary -Nonpartisan General Election",5/24/2022,Columbia,County Commission - District 4 - Rep,Alison Couch,Advanced Voting Votes,Harlem Branch Library,130
"May 24, 2022 - General Primary -Nonpartisan General Election",5/24/2022,Columbia,County Commission - District 4 - Rep,Alison Couch,Advanced Voting Votes,Harlem Senior Center,48
"May 24, 2022 - General Primary -Nonpartisan General Election",5/24/2022,Columbia,County Commission - District 4 - Rep,Alison Couch,Advanced Voting Votes,Second Mount Moriah Baptist Church,87
"May 24, 2022 - General Primary -Nonpartisan General Election",5/24/2022,Columbia,County Commission - District 4 - Rep,Alison Couch,Advanced Voting Votes,Bessie Thomas Center,62
"May 24, 2022 - General Primary -Nonpartisan General Election",5/24/2022,Columbia,County Commission - District 4 - Rep,Alison Couch,Advanced Voting Votes,Philadelphia Church,39
"May 24, 2022 - General Primary -Nonpartisan General Election",5/24/2022,Columbia,County Commission - District 4 - Rep,Alison Couch,Advanced Voting Votes,Liberty Park-Grovetown,50
"May 24, 2022 - General Primary -Nonpartisan General Election",5/24/2022,Columbia,County Commission - District 4 - Rep,Alison Couch,Advanced Voting Votes,Grovetown Methodist,21
"May 24, 2022 - General Primary -Nonpartisan General Election",5/24/2022,Columbia,County Commission - District 4 - Rep,Alison Couch,Advanced Voting Votes,Grovetown Dept of Public Safety Station #2,50
"May 24, 2022 - General Primary -Nonpartisan General Election",5/24/2022,Columbia,County Commission - District 4 - Rep,Alison Couch,Advanced Voting Votes,Grove First Baptist Church,54
"May 24, 2022 - General Primary -Nonpartisan General Election",5/24/2022,Columbia,County Commission - District 4 - Rep,Alison Couch,Absentee by Mail Votes,Kiokee Bapt Church,3
"May 24, 2022 - General Primary -Nonpartisan General Election",5/24/2022,Columbia,County Commission - District 4 - Rep,Alison Couch,Absentee by Mail Votes,Harlem Branch Library,9
"May 24, 2022 - General Primary -Nonpartisan General Election",5/24/2022,Columbia,County Commission - District 4 - Rep,Alison Couch,Absentee by Mail Votes,Harlem Senior Center,0
"May 24, 2022 - General Primary -Nonpartisan General Election",5/24/2022,Columbia,County Commission - District 4 - Rep,Alison Couch,Absentee by Mail Votes,Second Mount Moriah Baptist Church,5
"May 24, 2022 - General Primary -Nonpartisan General Election",5/24/2022,Columbia,County Commission - District 4 - Rep,Alison Couch,Absentee by Mail Votes,Bessie Thomas Center,0
"May 24, 2022 - General Primary -Nonpartisan General Election",5/24/2022,Columbia,County Commission - District 4 - Rep,Alison Couch,Absentee by Mail Votes,Philadelphia Church,3
"May 24, 2022 - General Primary -Nonpartisan General Election",5/24/2022,Columbia,County Commission - District 4 - Rep,Alison Couch,Absentee by Mail Votes,Liberty Park-Grovetown,2
"May 24, 2022 - General Primary -Nonpartisan General Election",5/24/2022,Columbia,County Commission - District 4 - Rep,Alison Couch,Absentee by Mail Votes,Grovetown Methodist,2
"May 24, 2022 - General Primary -Nonpartisan General Election",5/24/2022,Columbia,County Commission - District 4 - Rep,Alison Couch,Absentee by Mail Votes,Grovetown Dept of Public Safety Station #2,2
"May 24, 2022 - General Primary -Nonpartisan General Election",5/24/2022,Columbia,County Commission - District 4 - Rep,Alison Couch,Absentee by Mail Votes,Grove First Baptist Church,3
"May 24, 2022 - General Primary -Nonpartisan General Election",5/24/2022,Columbia,County Commission - District 4 - Rep,Alison Couch,Provisional Votes,Kiokee Bapt Church,0
"May 24, 2022 - General Primary -Nonpartisan General Election",5/24/2022,Columbia,County Commission - District 4 - Rep,Alison Couch,Provisional Votes,Harlem Branch Library,1
"May 24, 2022 - General Primary -Nonpartisan General Election",5/24/2022,Columbia,County Commission - District 4 - Rep,Alison Couch,Provisional Votes,Harlem Senior Center,0
"May 24, 2022 - General Primary -Nonpartisan General Election",5/24/2022,Columbia,County Commission - District 4 - Rep,Alison Couch,Provisional Votes,Second Mount Moriah Baptist Church,0
"May 24, 2022 - General Primary -Nonpartisan General Election",5/24/2022,Columbia,County Commission - District 4 - Rep,Alison Couch,Provisional Votes,Bessie Thomas Center,0
"May 24, 2022 - General Primary -Nonpartisan General Election",5/24/2022,Columbia,County Commission - District 4 - Rep,Alison Couch,Provisional Votes,Philadelphia Church,1
"May 24, 2022 - General Primary -Nonpartisan General Election",5/24/2022,Columbia,County Commission - District 4 - Rep,Alison Couch,Provisional Votes,Liberty Park-Grovetown,0
"May 24, 2022 - General Primary -Nonpartisan General Election",5/24/2022,Columbia,County Commission - District 4 - Rep,Alison Couch,Provisional Votes,Grovetown Methodist,0
"May 24, 2022 - General Primary -Nonpartisan General Election",5/24/2022,Columbia,County Commission - District 4 - Rep,Alison Couch,Provisional Votes,Grovetown Dept of Public Safety Station #2,0
"May 24, 2022 - General Primary -Nonpartisan General Election",5/24/2022,Columbia,County Commission - District 4 - Rep,Alison Couch,Provisional Votes,Grove First Baptist Church,0
"May 24, 2022 - General Primary -Nonpartisan General Election",5/24/2022,Columbia,County Commission - District 4 - Rep,Dewey G. Galeas (I),Election Day Votes,Kiokee Bapt Church,373
"May 24, 2022 - General Primary -Nonpartisan General Election",5/24/2022,Columbia,County Commission - District 4 - Rep,Dewey G. Galeas (I),Election Day Votes,Harlem Branch Library,152
"May 24, 2022 - General Primary -Nonpartisan General Election",5/24/2022,Columbia,County Commission - District 4 - Rep,Dewey G. Galeas (I),Election Day Votes,Harlem Senior Center,90
"May 24, 2022 - General Primary -Nonpartisan General Election",5/24/2022,Columbia,County Commission - District 4 - Rep,Dewey G. Galeas (I),Election Day Votes,Second Mount Moriah Baptist Church,62
"May 24, 2022 - General Primary -Nonpartisan General Election",5/24/2022,Columbia,County Commission - District 4 - Rep,Dewey G. Galeas (I),Election Day Votes,Bessie Thomas Center,36
"May 24, 2022 - General Primary -Nonpartisan General Election",5/24/2022,Columbia,County Commission - District 4 - Rep,Dewey G. Galeas (I),Election Day Votes,Philadelphia Church,102
"May 24, 2022 - General Primary -Nonpartisan General Election",5/24/2022,Columbia,County Commission - District 4 - Rep,Dewey G. Galeas (I),Election Day Votes,Liberty Park-Grovetown,130
"May 24, 2022 - General Primary -Nonpartisan General Election",5/24/2022,Columbia,County Commission - District 4 - Rep,Dewey G. Galeas (I),Election Day Votes,Grovetown Methodist,77
"May 24, 2022 - General Primary -Nonpartisan General Election",5/24/2022,Columbia,County Commission - District 4 - Rep,Dewey G. Galeas (I),Election Day Votes,Grovetown Dept of Public Safety Station #2,94
"May 24, 2022 - General Primary -Nonpartisan General Election",5/24/2022,Columbia,County Commission - District 4 - Rep,Dewey G. Galeas (I),Election Day Votes,Grove First Baptist Church,93
"May 24, 2022 - General Primary -Nonpartisan General Election",5/24/2022,Columbia,County Commission - District 4 - Rep,Dewey G. Galeas (I),Advanced Voting Votes,Kiokee Bapt Church,206
"May 24, 2022 - General Primary -Nonpartisan General Election",5/24/2022,Columbia,County Commission - District 4 - Rep,Dewey G. Galeas (I),Advanced Voting Votes,Harlem Branch Library,104
"May 24, 2022 - General Primary -Nonpartisan General Election",5/24/2022,Columbia,County Commission - District 4 - Rep,Dewey G. Galeas (I),Advanced Voting Votes,Harlem Senior Center,30
"May 24, 2022 - General Primary -Nonpartisan General Election",5/24/2022,Columbia,County Commission - District 4 - Rep,Dewey G. Galeas (I),Advanced Voting Votes,Second Mount Moriah Baptist Church,27
"May 24, 2022 - General Primary -Nonpartisan General Election",5/24/2022,Columbia,County Commission - District 4 - Rep,Dewey G. Galeas (I),Advanced Voting Votes,Bessie Thomas Center,27
"May 24, 2022 - General Primary -Nonpartisan General Election",5/24/2022,Columbia,County Commission - District 4 - Rep,Dewey G. Galeas (I),Advanced Voting Votes,Philadelphia Church,58
"May 24, 2022 - General Primary -Nonpartisan General Election",5/24/2022,Columbia,County Commission - District 4 - Rep,Dewey G. Galeas (I),Advanced Voting Votes,Liberty Park-Grovetown,55
"May 24, 2022 - General Primary -Nonpartisan General Election",5/24/2022,Columbia,County Commission - District 4 - Rep,Dewey G. Galeas (I),Advanced Voting Votes,Grovetown Methodist,39
"May 24, 2022 - General Primary -Nonpartisan General Election",5/24/2022,Columbia,County Commission - District 4 - Rep,Dewey G. Galeas (I),Advanced Voting Votes,Grovetown Dept of Public Safety Station #2,82
"May 24, 2022 - General Primary -Nonpartisan General Election",5/24/2022,Columbia,County Commission - District 4 - Rep,Dewey G. Galeas (I),Advanced Voting Votes,Grove First Baptist Church,55
"May 24, 2022 - General Primary -Nonpartisan General Election",5/24/2022,Columbia,County Commission - District 4 - Rep,Dewey G. Galeas (I),Absentee by Mail Votes,Kiokee Bapt Church,14
"May 24, 2022 - General Primary -Nonpartisan General Election",5/24/2022,Columbia,County Commission - District 4 - Rep,Dewey G. Galeas (I),Absentee by Mail Votes,Harlem Branch Library,5
"May 24, 2022 - General Primary -Nonpartisan General Election",5/24/2022,Columbia,County Commission - District 4 - Rep,Dewey G. Galeas (I),Absentee by Mail Votes,Harlem Senior Center,0
"May 24, 2022 - General Primary -Nonpartisan General Election",5/24/2022,Columbia,County Commission - District 4 - Rep,Dewey G. Galeas (I),Absentee by Mail Votes,Second Mount Moriah Baptist Church,5
"May 24, 2022 - General Primary -Nonpartisan General Election",5/24/2022,Columbia,County Commission - District 4 - Rep,Dewey G. Galeas (I),Absentee by Mail Votes,Bessie Thomas Center,2
"May 24, 2022 - General Primary -Nonpartisan General Election",5/24/2022,Columbia,County Commission - District 4 - Rep,Dewey G. Galeas (I),Absentee by Mail Votes,Philadelphia Church,4
"May 24, 2022 - General Primary -Nonpartisan General Election",5/24/2022,Columbia,County Commission - District 4 - Rep,Dewey G. Galeas (I),Absentee by Mail Votes,Liberty Park-Grovetown,1
"May 24, 2022 - General Primary -Nonpartisan General Election",5/24/2022,Columbia,County Commission - District 4 - Rep,Dewey G. Galeas (I),Absentee by Mail Votes,Grovetown Methodist,3
"May 24, 2022 - General Primary -Nonpartisan General Election",5/24/2022,Columbia,County Commission - District 4 - Rep,Dewey G. Galeas (I),Absentee by Mail Votes,Grovetown Dept of Public Safety Station #2,2
"May 24, 2022 - General Primary -Nonpartisan General Election",5/24/2022,Columbia,County Commission - District 4 - Rep,Dewey G. Galeas (I),Absentee by Mail Votes,Grove First Baptist Church,1
"May 24, 2022 - General Primary -Nonpartisan General Election",5/24/2022,Columbia,County Commission - District 4 - Rep,Dewey G. Galeas (I),Provisional Votes,Kiokee Bapt Church,0
"May 24, 2022 - General Primary -Nonpartisan General Election",5/24/2022,Columbia,County Commission - District 4 - Rep,Dewey G. Galeas (I),Provisional Votes,Harlem Branch Library,0
"May 24, 2022 - General Primary -Nonpartisan General Election",5/24/2022,Columbia,County Commission - District 4 - Rep,Dewey G. Galeas (I),Provisional Votes,Harlem Senior Center,0
"May 24, 2022 - General Primary -Nonpartisan General Election",5/24/2022,Columbia,County Commission - District 4 - Rep,Dewey G. Galeas (I),Provisional Votes,Second Mount Moriah Baptist Church,0
"May 24, 2022 - General Primary -Nonpartisan General Election",5/24/2022,Columbia,County Commission - District 4 - Rep,Dewey G. Galeas (I),Provisional Votes,Bessie Thomas Center,0
"May 24, 2022 - General Primary -Nonpartisan General Election",5/24/2022,Columbia,County Commission - District 4 - Rep,Dewey G. Galeas (I),Provisional Votes,Philadelphia Church,0
"May 24, 2022 - General Primary -Nonpartisan General Election",5/24/2022,Columbia,County Commission - District 4 - Rep,Dewey G. Galeas (I),Provisional Votes,Liberty Park-Grovetown,0
"May 24, 2022 - General Primary -Nonpartisan General Election",5/24/2022,Columbia,County Commission - District 4 - Rep,Dewey G. Galeas (I),Provisional Votes,Grovetown Methodist,0
"May 24, 2022 - General Primary -Nonpartisan General Election",5/24/2022,Columbia,County Commission - District 4 - Rep,Dewey G. Galeas (I),Provisional Votes,Grovetown Dept of Public Safety Station #2,0
"May 24, 2022 - General Primary -Nonpartisan General Election",5/24/2022,Columbia,County Commission - District 4 - Rep,Dewey G. Galeas (I),Provisional Votes,Grove First Baptist Church,0
