election,date,county,contest,choice,voting_method,precinct,num_votes
"November 8, 2022 - General/Special Election",11/8/2022,Columbia,County Commission Chairperson,"Douglas R. Duncan, Jr. (I) (Rep)",Absentee by Mail Votes,Kiokee Bapt Church,46
"November 8, 2022 - General/Special Election",11/8/2022,Columbia,County Commission Chairperson,"Douglas R. Duncan, Jr. (I) (Rep)",Absentee by Mail Votes,Stevens Creek Church-Grovetown,31
"November 8, 2022 - General/Special Election",11/8/2022,Columbia,County Commission Chairperson,"Douglas R. Duncan, Jr. (I) (Rep)",Absentee by Mail Votes,Lewis Methodist,67
"November 8, 2022 - General/Special Election",11/8/2022,Columbia,County Commission Chairperson,"Douglas R. Duncan, Jr. (I) (Rep)",Absentee by Mail Votes,Woodlawn Bapt Church,23
"November 8, 2022 - General/Special Election",11/8/2022,Columbia,County Commission Chairperson,"Douglas R. Duncan, Jr. (I) (Rep)",Absentee by Mail Votes,Patriots Park,31
"November 8, 2022 - General/Special Election",11/8/2022,Columbia,County Commission Chairperson,"Douglas R. Duncan, Jr. (I) (Rep)",Absentee by Mail Votes,New Life Church,14
"November 8, 2022 - General/Special Election",11/8/2022,Columbia,County Commission Chairperson,"Douglas R. Duncan, Jr. (I) (Rep)",Absentee by Mail Votes,Columbia Co. Health Dept.,43
"November 8, 2022 - General/Special Election",11/8/2022,Columbia,County Commission Chairperson,"Douglas R. Duncan, Jr. (I) (Rep)",Absentee by Mail Votes,Harlem Branch Library,42
"November 8, 2022 - General/Special Election",11/8/2022,Columbia,County Commission Chairperson,"Douglas R. Duncan, Jr. (I) (Rep)",Absentee by Mail Votes,Harlem Senior Center,21
"November 8, 2022 - General/Special Election",11/8/2022,Columbia,County Commission Chairperson,"Douglas R. Duncan, Jr. (I) (Rep)",Absentee by Mail Votes,Second Mount Moriah Baptist Church,15
"November 8, 2022 - General/Special Election",11/8/2022,Columbia,County Commission Chairperson,"Douglas R. Duncan, Jr. (I) (Rep)",Absentee by Mail Votes,Bessie Thomas Center,8
"November 8, 2022 - General/Special Election",11/8/2022,Columbia,County Commission Chairperson,"Douglas R. Duncan, Jr. (I) (Rep)",Absentee by Mail Votes,Philadelphia Church,32
"November 8, 2022 - General/Special Election",11/8/2022,Columbia,County Commission Chairperson,"Douglas R. Duncan, Jr. (I) (Rep)",Absentee by Mail Votes,Liberty Park-Grovetown,32
"November 8, 2022 - General/Special Election",11/8/2022,Columbia,County Commission Chairperson,"Douglas R. Duncan, Jr. (I) (Rep)",Absentee by Mail Votes,Grovetown Methodist,27
"November 8, 2022 - General/Special Election",11/8/2022,Columbia,County Commission Chairperson,"Douglas R. Duncan, Jr. (I) (Rep)",Absentee by Mail Votes,G A Apostolic Church,31
"November 8, 2022 - General/Special Election",11/8/2022,Columbia,County Commission Chairperson,"Douglas R. Duncan, Jr. (I) (Rep)",Absentee by Mail Votes,Grovetown Dept of Public Safety Station #2,57
"November 8, 2022 - General/Special Election",11/8/2022,Columbia,County Commission Chairperson,"Douglas R. Duncan, Jr. (I) (Rep)",Absentee by Mail Votes,Grove First Baptist Church,30
"November 8, 2022 - General/Special Election",11/8/2022,Columbia,County Commission Chairperson,"Douglas R. Duncan, Jr. (I) (Rep)",Absentee by Mail Votes,Eubank/Blanchard Ctr,17
"November 8, 2022 - General/Special Election",11/8/2022,Columbia,County Commission Chairperson,"Douglas R. Duncan, Jr. (I) (Rep)",Absentee by Mail Votes,Second Mt. Carmel Baptist Church,13
"November 8, 2022 - General/Special Election",11/8/2022,Columbia,County Commission Chairperson,"Douglas R. Duncan, Jr. (I) (Rep)",Absentee by Mail Votes,Damascus Bapt Church,13
"November 8, 2022 - General/Special Election",11/8/2022,Columbia,County Commission Chairperson,"Douglas R. Duncan, Jr. (I) (Rep)",Absentee by Mail Votes,Col Cty Board of Edu,47
"November 8, 2022 - General/Special Election",11/8/2022,Columbia,County Commission Chairperson,"Douglas R. Duncan, Jr. (I) (Rep)",Absentee by Mail Votes,Greenbrier High,62
"November 8, 2022 - General/Special Election",11/8/2022,Columbia,County Commission Chairperson,"Douglas R. Duncan, Jr. (I) (Rep)",Absentee by Mail Votes,Parkway Baptist Church,59
"November 8, 2022 - General/Special Election",11/8/2022,Columbia,County Commission Chairperson,"Douglas R. Duncan, Jr. (I) (Rep)",Absentee by Mail Votes,Riverview Church,27
"November 8, 2022 - General/Special Election",11/8/2022,Columbia,County Commission Chairperson,"Douglas R. Duncan, Jr. (I) (Rep)",Absentee by Mail Votes,Grace Baptist Church,44
"November 8, 2022 - General/Special Election",11/8/2022,Columbia,County Commission Chairperson,"Douglas R. Duncan, Jr. (I) (Rep)",Absentee by Mail Votes,Christ Sanctified,50
"November 8, 2022 - General/Special Election",11/8/2022,Columbia,County Commission Chairperson,"Douglas R. Duncan, Jr. (I) (Rep)",Absentee by Mail Votes,Parkway Elementary,31
"November 8, 2022 - General/Special Election",11/8/2022,Columbia,County Commission Chairperson,"Douglas R. Duncan, Jr. (I) (Rep)",Absentee by Mail Votes,Blanchard Park,34
"November 8, 2022 - General/Special Election",11/8/2022,Columbia,County Commission Chairperson,"Douglas R. Duncan, Jr. (I) (Rep)",Absentee by Mail Votes,Belair Baptist Church,45
"November 8, 2022 - General/Special Election",11/8/2022,Columbia,County Commission Chairperson,"Douglas R. Duncan, Jr. (I) (Rep)",Absentee by Mail Votes,Marvin Methodist,25
"November 8, 2022 - General/Special Election",11/8/2022,Columbia,County Commission Chairperson,"Douglas R. Duncan, Jr. (I) (Rep)",Absentee by Mail Votes,Westside Bapt Church,47
"November 8, 2022 - General/Special Election",11/8/2022,Columbia,County Commission Chairperson,"Douglas R. Duncan, Jr. (I) (Rep)",Absentee by Mail Votes,Trinity Bapt Church,62
"November 8, 2022 - General/Special Election",11/8/2022,Columbia,County Commission Chairperson,"Douglas R. Duncan, Jr. (I) (Rep)",Absentee by Mail Votes,Abilene Baptist,47
"November 8, 2022 - General/Special Election",11/8/2022,Columbia,County Commission Chairperson,"Douglas R. Duncan, Jr. (I) (Rep)",Absentee by Mail Votes,Augusta Christian,52
"November 8, 2022 - General/Special Election",11/8/2022,Columbia,County Commission Chairperson,"Douglas R. Duncan, Jr. (I) (Rep)",Absentee by Mail Votes,Savannah Rapids Pavilion,68
"November 8, 2022 - General/Special Election",11/8/2022,Columbia,County Commission Chairperson,"Douglas R. Duncan, Jr. (I) (Rep)",Absentee by Mail Votes,Gospel Water Branch,30
"November 8, 2022 - General/Special Election",11/8/2022,Columbia,County Commission Chairperson,"Douglas R. Duncan, Jr. (I) (Rep)",Absentee by Mail Votes,ACS-Furys Ferry Rd Campus,60
"November 8, 2022 - General/Special Election",11/8/2022,Columbia,County Commission Chairperson,"Douglas R. Duncan, Jr. (I) (Rep)",Absentee by Mail Votes,Stevens Creek Church,57
"November 8, 2022 - General/Special Election",11/8/2022,Columbia,County Commission Chairperson,"Douglas R. Duncan, Jr. (I) (Rep)",Absentee by Mail Votes,Columbia Co. Fire HDQTR,17
"November 8, 2022 - General/Special Election",11/8/2022,Columbia,County Commission Chairperson,"Douglas R. Duncan, Jr. (I) (Rep)",Absentee by Mail Votes,Lakeside Middle,24
"November 8, 2022 - General/Special Election",11/8/2022,Columbia,County Commission Chairperson,"Douglas R. Duncan, Jr. (I) (Rep)",Absentee by Mail Votes,Martinez Baptist,35
"November 8, 2022 - General/Special Election",11/8/2022,Columbia,County Commission Chairperson,"Douglas R. Duncan, Jr. (I) (Rep)",Absentee by Mail Votes,Gold Cross EMS,149
"November 8, 2022 - General/Special Election",11/8/2022,Columbia,County Commission Chairperson,"Douglas R. Duncan, Jr. (I) (Rep)",Absentee by Mail Votes,Church of Our Savior,56
"November 8, 2022 - General/Special Election",11/8/2022,Columbia,County Commission Chairperson,"Douglas R. Duncan, Jr. (I) (Rep)",Absentee by Mail Votes,West Acres Baptist,66
"November 8, 2022 - General/Special Election",11/8/2022,Columbia,County Commission Chairperson,"Douglas R. Duncan, Jr. (I) (Rep)",Absentee by Mail Votes,Journey Comm Church,50
"November 8, 2022 - General/Special Election",11/8/2022,Columbia,County Commission Chairperson,"Douglas R. Duncan, Jr. (I) (Rep)",Absentee by Mail Votes,Wesley Methodist,39
"November 8, 2022 - General/Special Election",11/8/2022,Columbia,County Commission Chairperson,"Douglas R. Duncan, Jr. (I) (Rep)",Absentee by Mail Votes,Col Cty Main Library,30
"November 8, 2022 - General/Special Election",11/8/2022,Columbia,County Commission Chairperson,"Douglas R. Duncan, Jr. (I) (Rep)",Absentee by Mail Votes,Christ Church Presbyterian,27
"November 8, 2022 - General/Special Election",11/8/2022,Columbia,County Commission Chairperson,"Douglas R. Duncan, Jr. (I) (Rep)",Absentee by Mail Votes,Blueridge Elementary,43
"November 8, 2022 - General/Special Election",11/8/2022,Columbia,County Commission Chairperson,"Douglas R. Duncan, Jr. (I) (Rep)",Absentee by Mail Votes,Christ The King Church,75
"November 8, 2022 - General/Special Election",11/8/2022,Columbia,County Commission Chairperson,"Douglas R. Duncan, Jr. (I) (Rep)",Advance Voting Votes,Kiokee Bapt Church,969
"November 8, 2022 - General/Special Election",11/8/2022,Columbia,County Commission Chairperson,"Douglas R. Duncan, Jr. (I) (Rep)",Advance Voting Votes,Stevens Creek Church-Grovetown,423
"November 8, 2022 - General/Special Election",11/8/2022,Columbia,County Commission Chairperson,"Douglas R. Duncan, Jr. (I) (Rep)",Advance Voting Votes,Lewis Methodist,1121
"November 8, 2022 - General/Special Election",11/8/2022,Columbia,County Commission Chairperson,"Douglas R. Duncan, Jr. (I) (Rep)",Advance Voting Votes,Woodlawn Bapt Church,396
"November 8, 2022 - General/Special Election",11/8/2022,Columbia,County Commission Chairperson,"Douglas R. Duncan, Jr. (I) (Rep)",Advance Voting Votes,Patriots Park,647
"November 8, 2022 - General/Special Election",11/8/2022,Columbia,County Commission Chairperson,"Douglas R. Duncan, Jr. (I) (Rep)",Advance Voting Votes,New Life Church,173
"November 8, 2022 - General/Special Election",11/8/2022,Columbia,County Commission Chairperson,"Douglas R. Duncan, Jr. (I) (Rep)",Advance Voting Votes,Columbia Co. Health Dept.,764
"November 8, 2022 - General/Special Election",11/8/2022,Columbia,County Commission Chairperson,"Douglas R. Duncan, Jr. (I) (Rep)",Advance Voting Votes,Harlem Branch Library,681
"November 8, 2022 - General/Special Election",11/8/2022,Columbia,County Commission Chairperson,"Douglas R. Duncan, Jr. (I) (Rep)",Advance Voting Votes,Harlem Senior Center,365
"November 8, 2022 - General/Special Election",11/8/2022,Columbia,County Commission Chairperson,"Douglas R. Duncan, Jr. (I) (Rep)",Advance Voting Votes,Second Mount Moriah Baptist Church,315
"November 8, 2022 - General/Special Election",11/8/2022,Columbia,County Commission Chairperson,"Douglas R. Duncan, Jr. (I) (Rep)",Advance Voting Votes,Bessie Thomas Center,257
"November 8, 2022 - General/Special Election",11/8/2022,Columbia,County Commission Chairperson,"Douglas R. Duncan, Jr. (I) (Rep)",Advance Voting Votes,Philadelphia Church,502
"November 8, 2022 - General/Special Election",11/8/2022,Columbia,County Commission Chairperson,"Douglas R. Duncan, Jr. (I) (Rep)",Advance Voting Votes,Liberty Park-Grovetown,575
"November 8, 2022 - General/Special Election",11/8/2022,Columbia,County Commission Chairperson,"Douglas R. Duncan, Jr. (I) (Rep)",Advance Voting Votes,Grovetown Methodist,372
"November 8, 2022 - General/Special Election",11/8/2022,Columbia,County Commission Chairperson,"Douglas R. Duncan, Jr. (I) (Rep)",Advance Voting Votes,G A Apostolic Church,342
"November 8, 2022 - General/Special Election",11/8/2022,Columbia,County Commission Chairperson,"Douglas R. Duncan, Jr. (I) (Rep)",Advance Voting Votes,Grovetown Dept of Public Safety Station #2,761
"November 8, 2022 - General/Special Election",11/8/2022,Columbia,County Commission Chairperson,"Douglas R. Duncan, Jr. (I) (Rep)",Advance Voting Votes,Grove First Baptist Church,578
"November 8, 2022 - General/Special Election",11/8/2022,Columbia,County Commission Chairperson,"Douglas R. Duncan, Jr. (I) (Rep)",Advance Voting Votes,Eubank/Blanchard Ctr,334
"November 8, 2022 - General/Special Election",11/8/2022,Columbia,County Commission Chairperson,"Douglas R. Duncan, Jr. (I) (Rep)",Advance Voting Votes,Second Mt. Carmel Baptist Church,141
"November 8, 2022 - General/Special Election",11/8/2022,Columbia,County Commission Chairperson,"Douglas R. Duncan, Jr. (I) (Rep)",Advance Voting Votes,Damascus Bapt Church,263
"November 8, 2022 - General/Special Election",11/8/2022,Columbia,County Commission Chairperson,"Douglas R. Duncan, Jr. (I) (Rep)",Advance Voting Votes,Col Cty Board of Edu,658
"November 8, 2022 - General/Special Election",11/8/2022,Columbia,County Commission Chairperson,"Douglas R. Duncan, Jr. (I) (Rep)",Advance Voting Votes,Greenbrier High,1043
"November 8, 2022 - General/Special Election",11/8/2022,Columbia,County Commission Chairperson,"Douglas R. Duncan, Jr. (I) (Rep)",Advance Voting Votes,Parkway Baptist Church,730
"November 8, 2022 - General/Special Election",11/8/2022,Columbia,County Commission Chairperson,"Douglas R. Duncan, Jr. (I) (Rep)",Advance Voting Votes,Riverview Church,417
"November 8, 2022 - General/Special Election",11/8/2022,Columbia,County Commission Chairperson,"Douglas R. Duncan, Jr. (I) (Rep)",Advance Voting Votes,Grace Baptist Church,933
"November 8, 2022 - General/Special Election",11/8/2022,Columbia,County Commission Chairperson,"Douglas R. Duncan, Jr. (I) (Rep)",Advance Voting Votes,Christ Sanctified,622
"November 8, 2022 - General/Special Election",11/8/2022,Columbia,County Commission Chairperson,"Douglas R. Duncan, Jr. (I) (Rep)",Advance Voting Votes,Parkway Elementary,702
"November 8, 2022 - General/Special Election",11/8/2022,Columbia,County Commission Chairperson,"Douglas R. Duncan, Jr. (I) (Rep)",Advance Voting Votes,Blanchard Park,380
"November 8, 2022 - General/Special Election",11/8/2022,Columbia,County Commission Chairperson,"Douglas R. Duncan, Jr. (I) (Rep)",Advance Voting Votes,Belair Baptist Church,519
"November 8, 2022 - General/Special Election",11/8/2022,Columbia,County Commission Chairperson,"Douglas R. Duncan, Jr. (I) (Rep)",Advance Voting Votes,Marvin Methodist,303
"November 8, 2022 - General/Special Election",11/8/2022,Columbia,County Commission Chairperson,"Douglas R. Duncan, Jr. (I) (Rep)",Advance Voting Votes,Westside Bapt Church,386
"November 8, 2022 - General/Special Election",11/8/2022,Columbia,County Commission Chairperson,"Douglas R. Duncan, Jr. (I) (Rep)",Advance Voting Votes,Trinity Bapt Church,619
"November 8, 2022 - General/Special Election",11/8/2022,Columbia,County Commission Chairperson,"Douglas R. Duncan, Jr. (I) (Rep)",Advance Voting Votes,Abilene Baptist,396
"November 8, 2022 - General/Special Election",11/8/2022,Columbia,County Commission Chairperson,"Douglas R. Duncan, Jr. (I) (Rep)",Advance Voting Votes,Augusta Christian,472
"November 8, 2022 - General/Special Election",11/8/2022,Columbia,County Commission Chairperson,"Douglas R. Duncan, Jr. (I) (Rep)",Advance Voting Votes,Savannah Rapids Pavilion,606
"November 8, 2022 - General/Special Election",11/8/2022,Columbia,County Commission Chairperson,"Douglas R. Duncan, Jr. (I) (Rep)",Advance Voting Votes,Gospel Water Branch,680
"November 8, 2022 - General/Special Election",11/8/2022,Columbia,County Commission Chairperson,"Douglas R. Duncan, Jr. (I) (Rep)",Advance Voting Votes,ACS-Furys Ferry Rd Campus,499
"November 8, 2022 - General/Special Election",11/8/2022,Columbia,County Commission Chairperson,"Douglas R. Duncan, Jr. (I) (Rep)",Advance Voting Votes,Stevens Creek Church,851
"November 8, 2022 - General/Special Election",11/8/2022,Columbia,County Commission Chairperson,"Douglas R. Duncan, Jr. (I) (Rep)",Advance Voting Votes,Columbia Co. Fire HDQTR,187
"November 8, 2022 - General/Special Election",11/8/2022,Columbia,County Commission Chairperson,"Douglas R. Duncan, Jr. (I) (Rep)",Advance Voting Votes,Lakeside Middle,377
"November 8, 2022 - General/Special Election",11/8/2022,Columbia,County Commission Chairperson,"Douglas R. Duncan, Jr. (I) (Rep)",Advance Voting Votes,Martinez Baptist,250
"November 8, 2022 - General/Special Election",11/8/2022,Columbia,County Commission Chairperson,"Douglas R. Duncan, Jr. (I) (Rep)",Advance Voting Votes,Gold Cross EMS,431
"November 8, 2022 - General/Special Election",11/8/2022,Columbia,County Commission Chairperson,"Douglas R. Duncan, Jr. (I) (Rep)",Advance Voting Votes,Church of Our Savior,394
"November 8, 2022 - General/Special Election",11/8/2022,Columbia,County Commission Chairperson,"Douglas R. Duncan, Jr. (I) (Rep)",Advance Voting Votes,West Acres Baptist,624
"November 8, 2022 - General/Special Election",11/8/2022,Columbia,County Commission Chairperson,"Douglas R. Duncan, Jr. (I) (Rep)",Advance Voting Votes,Journey Comm Church,520
"November 8, 2022 - General/Special Election",11/8/2022,Columbia,County Commission Chairperson,"Douglas R. Duncan, Jr. (I) (Rep)",Advance Voting Votes,Wesley Methodist,758
"November 8, 2022 - General/Special Election",11/8/2022,Columbia,County Commission Chairperson,"Douglas R. Duncan, Jr. (I) (Rep)",Advance Voting Votes,Col Cty Main Library,678
"November 8, 2022 - General/Special Election",11/8/2022,Columbia,County Commission Chairperson,"Douglas R. Duncan, Jr. (I) (Rep)",Advance Voting Votes,Christ Church Presbyterian,619
"November 8, 2022 - General/Special Election",11/8/2022,Columbia,County Commission Chairperson,"Douglas R. Duncan, Jr. (I) (Rep)",Advance Voting Votes,Blueridge Elementary,576
"November 8, 2022 - General/Special Election",11/8/2022,Columbia,County Commission Chairperson,"Douglas R. Duncan, Jr. (I) (Rep)",Advance Voting Votes,Christ The King Church,661
"November 8, 2022 - General/Special Election",11/8/2022,Columbia,County Commission Chairperson,"Douglas R. Duncan, Jr. (I) (Rep)",Election Day Votes,Kiokee Bapt Church,829
"November 8, 2022 - General/Special Election",11/8/2022,Columbia,County Commission Chairperson,"Douglas R. Duncan, Jr. (I) (Rep)",Election Day Votes,Stevens Creek Church-Grovetown,354
"November 8, 2022 - General/Special Election",11/8/2022,Columbia,County Commission Chairperson,"Douglas R. Duncan, Jr. (I) (Rep)",Election Day Votes,Lewis Methodist,842
"November 8, 2022 - General/Special Election",11/8/2022,Columbia,County Commission Chairperson,"Douglas R. Duncan, Jr. (I) (Rep)",Election Day Votes,Woodlawn Bapt Church,300
"November 8, 2022 - General/Special Election",11/8/2022,Columbia,County Commission Chairperson,"Douglas R. Duncan, Jr. (I) (Rep)",Election Day Votes,Patriots Park,382
"November 8, 2022 - General/Special Election",11/8/2022,Columbia,County Commission Chairperson,"Douglas R. Duncan, Jr. (I) (Rep)",Election Day Votes,New Life Church,171
"November 8, 2022 - General/Special Election",11/8/2022,Columbia,County Commission Chairperson,"Douglas R. Duncan, Jr. (I) (Rep)",Election Day Votes,Columbia Co. Health Dept.,661
"November 8, 2022 - General/Special Election",11/8/2022,Columbia,County Commission Chairperson,"Douglas R. Duncan, Jr. (I) (Rep)",Election Day Votes,Harlem Branch Library,596
"November 8, 2022 - General/Special Election",11/8/2022,Columbia,County Commission Chairperson,"Douglas R. Duncan, Jr. (I) (Rep)",Election Day Votes,Harlem Senior Center,503
"November 8, 2022 - General/Special Election",11/8/2022,Columbia,County Commission Chairperson,"Douglas R. Duncan, Jr. (I) (Rep)",Election Day Votes,Second Mount Moriah Baptist Church,369
"November 8, 2022 - General/Special Election",11/8/2022,Columbia,County Commission Chairperson,"Douglas R. Duncan, Jr. (I) (Rep)",Election Day Votes,Bessie Thomas Center,220
"November 8, 2022 - General/Special Election",11/8/2022,Columbia,County Commission Chairperson,"Douglas R. Duncan, Jr. (I) (Rep)",Election Day Votes,Philadelphia Church,472
"November 8, 2022 - General/Special Election",11/8/2022,Columbia,County Commission Chairperson,"Douglas R. Duncan, Jr. (I) (Rep)",Election Day Votes,Liberty Park-Grovetown,582
"November 8, 2022 - General/Special Election",11/8/2022,Columbia,County Commission Chairperson,"Douglas R. Duncan, Jr. (I) (Rep)",Election Day Votes,Grovetown Methodist,388
"November 8, 2022 - General/Special Election",11/8/2022,Columbia,County Commission Chairperson,"Douglas R. Duncan, Jr. (I) (Rep)",Election Day Votes,G A Apostolic Church,421
"November 8, 2022 - General/Special Election",11/8/2022,Columbia,County Commission Chairperson,"Douglas R. Duncan, Jr. (I) (Rep)",Election Day Votes,Grovetown Dept of Public Safety Station #2,536
"November 8, 2022 - General/Special Election",11/8/2022,Columbia,County Commission Chairperson,"Douglas R. Duncan, Jr. (I) (Rep)",Election Day Votes,Grove First Baptist Church,424
"November 8, 2022 - General/Special Election",11/8/2022,Columbia,County Commission Chairperson,"Douglas R. Duncan, Jr. (I) (Rep)",Election Day Votes,Eubank/Blanchard Ctr,436
"November 8, 2022 - General/Special Election",11/8/2022,Columbia,County Commission Chairperson,"Douglas R. Duncan, Jr. (I) (Rep)",Election Day Votes,Second Mt. Carmel Baptist Church,181
"November 8, 2022 - General/Special Election",11/8/2022,Columbia,County Commission Chairperson,"Douglas R. Duncan, Jr. (I) (Rep)",Election Day Votes,Damascus Bapt Church,467
"November 8, 2022 - General/Special Election",11/8/2022,Columbia,County Commission Chairperson,"Douglas R. Duncan, Jr. (I) (Rep)",Election Day Votes,Col Cty Board of Edu,383
"November 8, 2022 - General/Special Election",11/8/2022,Columbia,County Commission Chairperson,"Douglas R. Duncan, Jr. (I) (Rep)",Election Day Votes,Greenbrier High,886
"November 8, 2022 - General/Special Election",11/8/2022,Columbia,County Commission Chairperson,"Douglas R. Duncan, Jr. (I) (Rep)",Election Day Votes,Parkway Baptist Church,601
"November 8, 2022 - General/Special Election",11/8/2022,Columbia,County Commission Chairperson,"Douglas R. Duncan, Jr. (I) (Rep)",Election Day Votes,Riverview Church,302
"November 8, 2022 - General/Special Election",11/8/2022,Columbia,County Commission Chairperson,"Douglas R. Duncan, Jr. (I) (Rep)",Election Day Votes,Grace Baptist Church,787
"November 8, 2022 - General/Special Election",11/8/2022,Columbia,County Commission Chairperson,"Douglas R. Duncan, Jr. (I) (Rep)",Election Day Votes,Christ Sanctified,569
"November 8, 2022 - General/Special Election",11/8/2022,Columbia,County Commission Chairperson,"Douglas R. Duncan, Jr. (I) (Rep)",Election Day Votes,Parkway Elementary,560
"November 8, 2022 - General/Special Election",11/8/2022,Columbia,County Commission Chairperson,"Douglas R. Duncan, Jr. (I) (Rep)",Election Day Votes,Blanchard Park,368
"November 8, 2022 - General/Special Election",11/8/2022,Columbia,County Commission Chairperson,"Douglas R. Duncan, Jr. (I) (Rep)",Election Day Votes,Belair Baptist Church,634
"November 8, 2022 - General/Special Election",11/8/2022,Columbia,County Commission Chairperson,"Douglas R. Duncan, Jr. (I) (Rep)",Election Day Votes,Marvin Methodist,532
"November 8, 2022 - General/Special Election",11/8/2022,Columbia,County Commission Chairperson,"Douglas R. Duncan, Jr. (I) (Rep)",Election Day Votes,Westside Bapt Church,416
"November 8, 2022 - General/Special Election",11/8/2022,Columbia,County Commission Chairperson,"Douglas R. Duncan, Jr. (I) (Rep)",Election Day Votes,Trinity Bapt Church,667
"November 8, 2022 - General/Special Election",11/8/2022,Columbia,County Commission Chairperson,"Douglas R. Duncan, Jr. (I) (Rep)",Election Day Votes,Abilene Baptist,451
"November 8, 2022 - General/Special Election",11/8/2022,Columbia,County Commission Chairperson,"Douglas R. Duncan, Jr. (I) (Rep)",Election Day Votes,Augusta Christian,513
"November 8, 2022 - General/Special Election",11/8/2022,Columbia,County Commission Chairperson,"Douglas R. Duncan, Jr. (I) (Rep)",Election Day Votes,Savannah Rapids Pavilion,329
"November 8, 2022 - General/Special Election",11/8/2022,Columbia,County Commission Chairperson,"Douglas R. Duncan, Jr. (I) (Rep)",Election Day Votes,Gospel Water Branch,554
"November 8, 2022 - General/Special Election",11/8/2022,Columbia,County Commission Chairperson,"Douglas R. Duncan, Jr. (I) (Rep)",Election Day Votes,ACS-Furys Ferry Rd Campus,486
"November 8, 2022 - General/Special Election",11/8/2022,Columbia,County Commission Chairperson,"Douglas R. Duncan, Jr. (I) (Rep)",Election Day Votes,Stevens Creek Church,778
"November 8, 2022 - General/Special Election",11/8/2022,Columbia,County Commission Chairperson,"Douglas R. Duncan, Jr. (I) (Rep)",Election Day Votes,Columbia Co. Fire HDQTR,283
"November 8, 2022 - General/Special Election",11/8/2022,Columbia,County Commission Chairperson,"Douglas R. Duncan, Jr. (I) (Rep)",Election Day Votes,Lakeside Middle,377
"November 8, 2022 - General/Special Election",11/8/2022,Columbia,County Commission Chairperson,"Douglas R. Duncan, Jr. (I) (Rep)",Election Day Votes,Martinez Baptist,466
"November 8, 2022 - General/Special Election",11/8/2022,Columbia,County Commission Chairperson,"Douglas R. Duncan, Jr. (I) (Rep)",Election Day Votes,Gold Cross EMS,398
"November 8, 2022 - General/Special Election",11/8/2022,Columbia,County Commission Chairperson,"Douglas R. Duncan, Jr. (I) (Rep)",Election Day Votes,Church of Our Savior,512
"November 8, 2022 - General/Special Election",11/8/2022,Columbia,County Commission Chairperson,"Douglas R. Duncan, Jr. (I) (Rep)",Election Day Votes,West Acres Baptist,526
"November 8, 2022 - General/Special Election",11/8/2022,Columbia,County Commission Chairperson,"Douglas R. Duncan, Jr. (I) (Rep)",Election Day Votes,Journey Comm Church,281
"November 8, 2022 - General/Special Election",11/8/2022,Columbia,County Commission Chairperson,"Douglas R. Duncan, Jr. (I) (Rep)",Election Day Votes,Wesley Methodist,538
"November 8, 2022 - General/Special Election",11/8/2022,Columbia,County Commission Chairperson,"Douglas R. Duncan, Jr. (I) (Rep)",Election Day Votes,Col Cty Main Library,350
"November 8, 2022 - General/Special Election",11/8/2022,Columbia,County Commission Chairperson,"Douglas R. Duncan, Jr. (I) (Rep)",Election Day Votes,Christ Church Presbyterian,509
"November 8, 2022 - General/Special Election",11/8/2022,Columbia,County Commission Chairperson,"Douglas R. Duncan, Jr. (I) (Rep)",Election Day Votes,Blueridge Elementary,452
"November 8, 2022 - General/Special Election",11/8/2022,Columbia,County Commission Chairperson,"Douglas R. Duncan, Jr. (I) (Rep)",Election Day Votes,Christ The King Church,441
"November 8, 2022 - General/Special Election",11/8/2022,Columbia,County Commission Chairperson,"Douglas R. Duncan, Jr. (I) (Rep)",Provisional Votes,Kiokee Bapt Church,2
"November 8, 2022 - General/Special Election",11/8/2022,Columbia,County Commission Chairperson,"Douglas R. Duncan, Jr. (I) (Rep)",Provisional Votes,Stevens Creek Church-Grovetown,1
"November 8, 2022 - General/Special Election",11/8/2022,Columbia,County Commission Chairperson,"Douglas R. Duncan, Jr. (I) (Rep)",Provisional Votes,Lewis Methodist,0
"November 8, 2022 - General/Special Election",11/8/2022,Columbia,County Commission Chairperson,"Douglas R. Duncan, Jr. (I) (Rep)",Provisional Votes,Woodlawn Bapt Church,0
"November 8, 2022 - General/Special Election",11/8/2022,Columbia,County Commission Chairperson,"Douglas R. Duncan, Jr. (I) (Rep)",Provisional Votes,Patriots Park,0
"November 8, 2022 - General/Special Election",11/8/2022,Columbia,County Commission Chairperson,"Douglas R. Duncan, Jr. (I) (Rep)",Provisional Votes,New Life Church,0
"November 8, 2022 - General/Special Election",11/8/2022,Columbia,County Commission Chairperson,"Douglas R. Duncan, Jr. (I) (Rep)",Provisional Votes,Columbia Co. Health Dept.,0
"November 8, 2022 - General/Special Election",11/8/2022,Columbia,County Commission Chairperson,"Douglas R. Duncan, Jr. (I) (Rep)",Provisional Votes,Harlem Branch Library,0
"November 8, 2022 - General/Special Election",11/8/2022,Columbia,County Commission Chairperson,"Douglas R. Duncan, Jr. (I) (Rep)",Provisional Votes,Harlem Senior Center,0
"November 8, 2022 - General/Special Election",11/8/2022,Columbia,County Commission Chairperson,"Douglas R. Duncan, Jr. (I) (Rep)",Provisional Votes,Second Mount Moriah Baptist Church,0
"November 8, 2022 - General/Special Election",11/8/2022,Columbia,County Commission Chairperson,"Douglas R. Duncan, Jr. (I) (Rep)",Provisional Votes,Bessie Thomas Center,0
"November 8, 2022 - General/Special Election",11/8/2022,Columbia,County Commission Chairperson,"Douglas R. Duncan, Jr. (I) (Rep)",Provisional Votes,Philadelphia Church,0
"November 8, 2022 - General/Special Election",11/8/2022,Columbia,County Commission Chairperson,"Douglas R. Duncan, Jr. (I) (Rep)",Provisional Votes,Liberty Park-Grovetown,1
"November 8, 2022 - General/Special Election",11/8/2022,Columbia,County Commission Chairperson,"Douglas R. Duncan, Jr. (I) (Rep)",Provisional Votes,Grovetown Methodist,1
"November 8, 2022 - General/Special Election",11/8/2022,Columbia,County Commission Chairperson,"Douglas R. Duncan, Jr. (I) (Rep)",Provisional Votes,G A Apostolic Church,0
"November 8, 2022 - General/Special Election",11/8/2022,Columbia,County Commission Chairperson,"Douglas R. Duncan, Jr. (I) (Rep)",Provisional Votes,Grovetown Dept of Public Safety Station #2,0
"November 8, 2022 - General/Special Election",11/8/2022,Columbia,County Commission Chairperson,"Douglas R. Duncan, Jr. (I) (Rep)",Provisional Votes,Grove First Baptist Church,0
"November 8, 2022 - General/Special Election",11/8/2022,Columbia,County Commission Chairperson,"Douglas R. Duncan, Jr. (I) (Rep)",Provisional Votes,Eubank/Blanchard Ctr,0
"November 8, 2022 - General/Special Election",11/8/2022,Columbia,County Commission Chairperson,"Douglas R. Duncan, Jr. (I) (Rep)",Provisional Votes,Second Mt. Carmel Baptist Church,1
"November 8, 2022 - General/Special Election",11/8/2022,Columbia,County Commission Chairperson,"Douglas R. Duncan, Jr. (I) (Rep)",Provisional Votes,Damascus Bapt Church,1
"November 8, 2022 - General/Special Election",11/8/2022,Columbia,County Commission Chairperson,"Douglas R. Duncan, Jr. (I) (Rep)",Provisional Votes,Col Cty Board of Edu,0
"November 8, 2022 - General/Special Election",11/8/2022,Columbia,County Commission Chairperson,"Douglas R. Duncan, Jr. (I) (Rep)",Provisional Votes,Greenbrier High,0
"November 8, 2022 - General/Special Election",11/8/2022,Columbia,County Commission Chairperson,"Douglas R. Duncan, Jr. (I) (Rep)",Provisional Votes,Parkway Baptist Church,0
"November 8, 2022 - General/Special Election",11/8/2022,Columbia,County Commission Chairperson,"Douglas R. Duncan, Jr. (I) (Rep)",Provisional Votes,Riverview Church,0
"November 8, 2022 - General/Special Election",11/8/2022,Columbia,County Commission Chairperson,"Douglas R. Duncan, Jr. (I) (Rep)",Provisional Votes,Grace Baptist Church,0
"November 8, 2022 - General/Special Election",11/8/2022,Columbia,County Commission Chairperson,"Douglas R. Duncan, Jr. (I) (Rep)",Provisional Votes,Christ Sanctified,0
"November 8, 2022 - General/Special Election",11/8/2022,Columbia,County Commission Chairperson,"Douglas R. Duncan, Jr. (I) (Rep)",Provisional Votes,Parkway Elementary,0
"November 8, 2022 - General/Special Election",11/8/2022,Columbia,County Commission Chairperson,"Douglas R. Duncan, Jr. (I) (Rep)",Provisional Votes,Blanchard Park,0
"November 8, 2022 - General/Special Election",11/8/2022,Columbia,County Commission Chairperson,"Douglas R. Duncan, Jr. (I) (Rep)",Provisional Votes,Belair Baptist Church,0
"November 8, 2022 - General/Special Election",11/8/2022,Columbia,County Commission Chairperson,"Douglas R. Duncan, Jr. (I) (Rep)",Provisional Votes,Marvin Methodist,0
"November 8, 2022 - General/Special Election",11/8/2022,Columbia,County Commission Chairperson,"Douglas R. Duncan, Jr. (I) (Rep)",Provisional Votes,Westside Bapt Church,0
"November 8, 2022 - General/Special Election",11/8/2022,Columbia,County Commission Chairperson,"Douglas R. Duncan, Jr. (I) (Rep)",Provisional Votes,Trinity Bapt Church,3
"November 8, 2022 - General/Special Election",11/8/2022,Columbia,County Commission Chairperson,"Douglas R. Duncan, Jr. (I) (Rep)",Provisional Votes,Abilene Baptist,0
"November 8, 2022 - General/Special Election",11/8/2022,Columbia,County Commission Chairperson,"Douglas R. Duncan, Jr. (I) (Rep)",Provisional Votes,Augusta Christian,0
"November 8, 2022 - General/Special Election",11/8/2022,Columbia,County Commission Chairperson,"Douglas R. Duncan, Jr. (I) (Rep)",Provisional Votes,Savannah Rapids Pavilion,0
"November 8, 2022 - General/Special Election",11/8/2022,Columbia,County Commission Chairperson,"Douglas R. Duncan, Jr. (I) (Rep)",Provisional Votes,Gospel Water Branch,1
"November 8, 2022 - General/Special Election",11/8/2022,Columbia,County Commission Chairperson,"Douglas R. Duncan, Jr. (I) (Rep)",Provisional Votes,ACS-Furys Ferry Rd Campus,0
"November 8, 2022 - General/Special Election",11/8/2022,Columbia,County Commission Chairperson,"Douglas R. Duncan, Jr. (I) (Rep)",Provisional Votes,Stevens Creek Church,1
"November 8, 2022 - General/Special Election",11/8/2022,Columbia,County Commission Chairperson,"Douglas R. Duncan, Jr. (I) (Rep)",Provisional Votes,Columbia Co. Fire HDQTR,1
"November 8, 2022 - General/Special Election",11/8/2022,Columbia,County Commission Chairperson,"Douglas R. Duncan, Jr. (I) (Rep)",Provisional Votes,Lakeside Middle,1
"November 8, 2022 - General/Special Election",11/8/2022,Columbia,County Commission Chairperson,"Douglas R. Duncan, Jr. (I) (Rep)",Provisional Votes,Martinez Baptist,0
"November 8, 2022 - General/Special Election",11/8/2022,Columbia,County Commission Chairperson,"Douglas R. Duncan, Jr. (I) (Rep)",Provisional Votes,Gold Cross EMS,1
"November 8, 2022 - General/Special Election",11/8/2022,Columbia,County Commission Chairperson,"Douglas R. Duncan, Jr. (I) (Rep)",Provisional Votes,Church of Our Savior,0
"November 8, 2022 - General/Special Election",11/8/2022,Columbia,County Commission Chairperson,"Douglas R. Duncan, Jr. (I) (Rep)",Provisional Votes,West Acres Baptist,0
"November 8, 2022 - General/Special Election",11/8/2022,Columbia,County Commission Chairperson,"Douglas R. Duncan, Jr. (I) (Rep)",Provisional Votes,Journey Comm Church,0
"November 8, 2022 - General/Special Election",11/8/2022,Columbia,County Commission Chairperson,"Douglas R. Duncan, Jr. (I) (Rep)",Provisional Votes,Wesley Methodist,0
"November 8, 2022 - General/Special Election",11/8/2022,Columbia,County Commission Chairperson,"Douglas R. Duncan, Jr. (I) (Rep)",Provisional Votes,Col Cty Main Library,1
"November 8, 2022 - General/Special Election",11/8/2022,Columbia,County Commission Chairperson,"Douglas R. Duncan, Jr. (I) (Rep)",Provisional Votes,Christ Church Presbyterian,0
"November 8, 2022 - General/Special Election",11/8/2022,Columbia,County Commission Chairperson,"Douglas R. Duncan, Jr. (I) (Rep)",Provisional Votes,Blueridge Elementary,0
"November 8, 2022 - General/Special Election",11/8/2022,Columbia,County Commission Chairperson,"Douglas R. Duncan, Jr. (I) (Rep)",Provisional Votes,Christ The King Church,0
"November 8, 2022 - General/Special Election",11/8/2022,Columbia,County Commission - District 1,Connie M. Melear (I) (Rep),Absentee by Mail Votes,Riverview Church,27
"November 8, 2022 - General/Special Election",11/8/2022,Columbia,County Commission - District 1,Connie M. Melear (I) (Rep),Absentee by Mail Votes,Augusta Christian,52
"November 8, 2022 - General/Special Election",11/8/2022,Columbia,County Commission - District 1,Connie M. Melear (I) (Rep),Absentee by Mail Votes,Savannah Rapids Pavilion,69
"November 8, 2022 - General/Special Election",11/8/2022,Columbia,County Commission - District 1,Connie M. Melear (I) (Rep),Absentee by Mail Votes,Gospel Water Branch,32
"November 8, 2022 - General/Special Election",11/8/2022,Columbia,County Commission - District 1,Connie M. Melear (I) (Rep),Absentee by Mail Votes,ACS-Furys Ferry Rd Campus,58
"November 8, 2022 - General/Special Election",11/8/2022,Columbia,County Commission - District 1,Connie M. Melear (I) (Rep),Absentee by Mail Votes,Stevens Creek Church,57
"November 8, 2022 - General/Special Election",11/8/2022,Columbia,County Commission - District 1,Connie M. Melear (I) (Rep),Absentee by Mail Votes,Columbia Co. Fire HDQTR,14
"November 8, 2022 - General/Special Election",11/8/2022,Columbia,County Commission - District 1,Connie M. Melear (I) (Rep),Absentee by Mail Votes,Lakeside Middle,24
"November 8, 2022 - General/Special Election",11/8/2022,Columbia,County Commission - District 1,Connie M. Melear (I) (Rep),Absentee by Mail Votes,Martinez Baptist,35
"November 8, 2022 - General/Special Election",11/8/2022,Columbia,County Commission - District 1,Connie M. Melear (I) (Rep),Absentee by Mail Votes,Journey Comm Church,48
"November 8, 2022 - General/Special Election",11/8/2022,Columbia,County Commission - District 1,Connie M. Melear (I) (Rep),Absentee by Mail Votes,Wesley Methodist,43
"November 8, 2022 - General/Special Election",11/8/2022,Columbia,County Commission - District 1,Connie M. Melear (I) (Rep),Absentee by Mail Votes,Col Cty Main Library,29
"November 8, 2022 - General/Special Election",11/8/2022,Columbia,County Commission - District 1,Connie M. Melear (I) (Rep),Absentee by Mail Votes,Christ Church Presbyterian,27
"November 8, 2022 - General/Special Election",11/8/2022,Columbia,County Commission - District 1,Connie M. Melear (I) (Rep),Absentee by Mail Votes,Blueridge Elementary,43
"November 8, 2022 - General/Special Election",11/8/2022,Columbia,County Commission - District 1,Connie M. Melear (I) (Rep),Absentee by Mail Votes,Christ The King Church,76
"November 8, 2022 - General/Special Election",11/8/2022,Columbia,County Commission - District 1,Connie M. Melear (I) (Rep),Advance Voting Votes,Riverview Church,420
"November 8, 2022 - General/Special Election",11/8/2022,Columbia,County Commission - District 1,Connie M. Melear (I) (Rep),Advance Voting Votes,Augusta Christian,470
"November 8, 2022 - General/Special Election",11/8/2022,Columbia,County Commission - District 1,Connie M. Melear (I) (Rep),Advance Voting Votes,Savannah Rapids Pavilion,601
"November 8, 2022 - General/Special Election",11/8/2022,Columbia,County Commission - District 1,Connie M. Melear (I) (Rep),Advance Voting Votes,Gospel Water Branch,684
"November 8, 2022 - General/Special Election",11/8/2022,Columbia,County Commission - District 1,Connie M. Melear (I) (Rep),Advance Voting Votes,ACS-Furys Ferry Rd Campus,497
"November 8, 2022 - General/Special Election",11/8/2022,Columbia,County Commission - District 1,Connie M. Melear (I) (Rep),Advance Voting Votes,Stevens Creek Church,844
"November 8, 2022 - General/Special Election",11/8/2022,Columbia,County Commission - District 1,Connie M. Melear (I) (Rep),Advance Voting Votes,Columbia Co. Fire HDQTR,188
"November 8, 2022 - General/Special Election",11/8/2022,Columbia,County Commission - District 1,Connie M. Melear (I) (Rep),Advance Voting Votes,Lakeside Middle,376
"November 8, 2022 - General/Special Election",11/8/2022,Columbia,County Commission - District 1,Connie M. Melear (I) (Rep),Advance Voting Votes,Martinez Baptist,251
"November 8, 2022 - General/Special Election",11/8/2022,Columbia,County Commission - District 1,Connie M. Melear (I) (Rep),Advance Voting Votes,Journey Comm Church,522
"November 8, 2022 - General/Special Election",11/8/2022,Columbia,County Commission - District 1,Connie M. Melear (I) (Rep),Advance Voting Votes,Wesley Methodist,757
"November 8, 2022 - General/Special Election",11/8/2022,Columbia,County Commission - District 1,Connie M. Melear (I) (Rep),Advance Voting Votes,Col Cty Main Library,676
"November 8, 2022 - General/Special Election",11/8/2022,Columbia,County Commission - District 1,Connie M. Melear (I) (Rep),Advance Voting Votes,Christ Church Presbyterian,620
"November 8, 2022 - General/Special Election",11/8/2022,Columbia,County Commission - District 1,Connie M. Melear (I) (Rep),Advance Voting Votes,Blueridge Elementary,571
"November 8, 2022 - General/Special Election",11/8/2022,Columbia,County Commission - District 1,Connie M. Melear (I) (Rep),Advance Voting Votes,Christ The King Church,645
"November 8, 2022 - General/Special Election",11/8/2022,Columbia,County Commission - District 1,Connie M. Melear (I) (Rep),Election Day Votes,Riverview Church,304
"November 8, 2022 - General/Special Election",11/8/2022,Columbia,County Commission - District 1,Connie M. Melear (I) (Rep),Election Day Votes,Augusta Christian,515
"November 8, 2022 - General/Special Election",11/8/2022,Columbia,County Commission - District 1,Connie M. Melear (I) (Rep),Election Day Votes,Savannah Rapids Pavilion,329
"November 8, 2022 - General/Special Election",11/8/2022,Columbia,County Commission - District 1,Connie M. Melear (I) (Rep),Election Day Votes,Gospel Water Branch,547
"November 8, 2022 - General/Special Election",11/8/2022,Columbia,County Commission - District 1,Connie M. Melear (I) (Rep),Election Day Votes,ACS-Furys Ferry Rd Campus,486
"November 8, 2022 - General/Special Election",11/8/2022,Columbia,County Commission - District 1,Connie M. Melear (I) (Rep),Election Day Votes,Stevens Creek Church,773
"November 8, 2022 - General/Special Election",11/8/2022,Columbia,County Commission - District 1,Connie M. Melear (I) (Rep),Election Day Votes,Columbia Co. Fire HDQTR,283
"November 8, 2022 - General/Special Election",11/8/2022,Columbia,County Commission - District 1,Connie M. Melear (I) (Rep),Election Day Votes,Lakeside Middle,378
"November 8, 2022 - General/Special Election",11/8/2022,Columbia,County Commission - District 1,Connie M. Melear (I) (Rep),Election Day Votes,Martinez Baptist,467
"November 8, 2022 - General/Special Election",11/8/2022,Columbia,County Commission - District 1,Connie M. Melear (I) (Rep),Election Day Votes,Journey Comm Church,283
"November 8, 2022 - General/Special Election",11/8/2022,Columbia,County Commission - District 1,Connie M. Melear (I) (Rep),Election Day Votes,Wesley Methodist,535
"November 8, 2022 - General/Special Election",11/8/2022,Columbia,County Commission - District 1,Connie M. Melear (I) (Rep),Election Day Votes,Col Cty Main Library,354
"November 8, 2022 - General/Special Election",11/8/2022,Columbia,County Commission - District 1,Connie M. Melear (I) (Rep),Election Day Votes,Christ Church Presbyterian,509
"November 8, 2022 - General/Special Election",11/8/2022,Columbia,County Commission - District 1,Connie M. Melear (I) (Rep),Election Day Votes,Blueridge Elementary,447
"November 8, 2022 - General/Special Election",11/8/2022,Columbia,County Commission - District 1,Connie M. Melear (I) (Rep),Election Day Votes,Christ The King Church,436
"November 8, 2022 - General/Special Election",11/8/2022,Columbia,County Commission - District 1,Connie M. Melear (I) (Rep),Provisional Votes,Riverview Church,0
"November 8, 2022 - General/Special Election",11/8/2022,Columbia,County Commission - District 1,Connie M. Melear (I) (Rep),Provisional Votes,Augusta Christian,0
"November 8, 2022 - General/Special Election",11/8/2022,Columbia,County Commission - District 1,Connie M. Melear (I) (Rep),Provisional Votes,Savannah Rapids Pavilion,0
"November 8, 2022 - General/Special Election",11/8/2022,Columbia,County Commission - District 1,Connie M. Melear (I) (Rep),Provisional Votes,Gospel Water Branch,0
"November 8, 2022 - General/Special Election",11/8/2022,Columbia,County Commission - District 1,Connie M. Melear (I) (Rep),Provisional Votes,ACS-Furys Ferry Rd Campus,0
"November 8, 2022 - General/Special Election",11/8/2022,Columbia,County Commission - District 1,Connie M. Melear (I) (Rep),Provisional Votes,Stevens Creek Church,1
"November 8, 2022 - General/Special Election",11/8/2022,Columbia,County Commission - District 1,Connie M. Melear (I) (Rep),Provisional Votes,Columbia Co. Fire HDQTR,0
"November 8, 2022 - General/Special Election",11/8/2022,Columbia,County Commission - District 1,Connie M. Melear (I) (Rep),Provisional Votes,Lakeside Middle,0
"November 8, 2022 - General/Special Election",11/8/2022,Columbia,County Commission - District 1,Connie M. Melear (I) (Rep),Provisional Votes,Martinez Baptist,0
"November 8, 2022 - General/Special Election",11/8/2022,Columbia,County Commission - District 1,Connie M. Melear (I) (Rep),Provisional Votes,Journey Comm Church,0
"November 8, 2022 - General/Special Election",11/8/2022,Columbia,County Commission - District 1,Connie M. Melear (I) (Rep),Provisional Votes,Wesley Methodist,0
"November 8, 2022 - General/Special Election",11/8/2022,Columbia,County Commission - District 1,Connie M. Melear (I) (Rep),Provisional Votes,Col Cty Main Library,0
"November 8, 2022 - General/Special Election",11/8/2022,Columbia,County Commission - District 1,Connie M. Melear (I) (Rep),Provisional Votes,Christ Church Presbyterian,0
"November 8, 2022 - General/Special Election",11/8/2022,Columbia,County Commission - District 1,Connie M. Melear (I) (Rep),Provisional Votes,Blueridge Elementary,0
"November 8, 2022 - General/Special Election",11/8/2022,Columbia,County Commission - District 1,Connie M. Melear (I) (Rep),Provisional Votes,Christ The King Church,0
"November 8, 2022 - General/Special Election",11/8/2022,Columbia,County Commission - District 4,Alison Couch (Rep),Absentee by Mail Votes,Kiokee Bapt Church,46
"November 8, 2022 - General/Special Election",11/8/2022,Columbia,County Commission - District 4,Alison Couch (Rep),Absentee by Mail Votes,Harlem Branch Library,43
"November 8, 2022 - General/Special Election",11/8/2022,Columbia,County Commission - District 4,Alison Couch (Rep),Absentee by Mail Votes,Harlem Senior Center,20
"November 8, 2022 - General/Special Election",11/8/2022,Columbia,County Commission - District 4,Alison Couch (Rep),Absentee by Mail Votes,Second Mount Moriah Baptist Church,15
"November 8, 2022 - General/Special Election",11/8/2022,Columbia,County Commission - District 4,Alison Couch (Rep),Absentee by Mail Votes,Bessie Thomas Center,8
"November 8, 2022 - General/Special Election",11/8/2022,Columbia,County Commission - District 4,Alison Couch (Rep),Absentee by Mail Votes,Philadelphia Church,33
"November 8, 2022 - General/Special Election",11/8/2022,Columbia,County Commission - District 4,Alison Couch (Rep),Absentee by Mail Votes,Liberty Park-Grovetown,32
"November 8, 2022 - General/Special Election",11/8/2022,Columbia,County Commission - District 4,Alison Couch (Rep),Absentee by Mail Votes,Grovetown Methodist,27
"November 8, 2022 - General/Special Election",11/8/2022,Columbia,County Commission - District 4,Alison Couch (Rep),Absentee by Mail Votes,Grovetown Dept of Public Safety Station #2,57
"November 8, 2022 - General/Special Election",11/8/2022,Columbia,County Commission - District 4,Alison Couch (Rep),Absentee by Mail Votes,Grove First Baptist Church,33
"November 8, 2022 - General/Special Election",11/8/2022,Columbia,County Commission - District 4,Alison Couch (Rep),Advance Voting Votes,Kiokee Bapt Church,969
"November 8, 2022 - General/Special Election",11/8/2022,Columbia,County Commission - District 4,Alison Couch (Rep),Advance Voting Votes,Harlem Branch Library,679
"November 8, 2022 - General/Special Election",11/8/2022,Columbia,County Commission - District 4,Alison Couch (Rep),Advance Voting Votes,Harlem Senior Center,366
"November 8, 2022 - General/Special Election",11/8/2022,Columbia,County Commission - District 4,Alison Couch (Rep),Advance Voting Votes,Second Mount Moriah Baptist Church,322
"November 8, 2022 - General/Special Election",11/8/2022,Columbia,County Commission - District 4,Alison Couch (Rep),Advance Voting Votes,Bessie Thomas Center,259
"November 8, 2022 - General/Special Election",11/8/2022,Columbia,County Commission - District 4,Alison Couch (Rep),Advance Voting Votes,Philadelphia Church,500
"November 8, 2022 - General/Special Election",11/8/2022,Columbia,County Commission - District 4,Alison Couch (Rep),Advance Voting Votes,Liberty Park-Grovetown,573
"November 8, 2022 - General/Special Election",11/8/2022,Columbia,County Commission - District 4,Alison Couch (Rep),Advance Voting Votes,Grovetown Methodist,377
"November 8, 2022 - General/Special Election",11/8/2022,Columbia,County Commission - District 4,Alison Couch (Rep),Advance Voting Votes,Grovetown Dept of Public Safety Station #2,768
"November 8, 2022 - General/Special Election",11/8/2022,Columbia,County Commission - District 4,Alison Couch (Rep),Advance Voting Votes,Grove First Baptist Church,584
"November 8, 2022 - General/Special Election",11/8/2022,Columbia,County Commission - District 4,Alison Couch (Rep),Election Day Votes,Kiokee Bapt Church,843
"November 8, 2022 - General/Special Election",11/8/2022,Columbia,County Commission - District 4,Alison Couch (Rep),Election Day Votes,Harlem Branch Library,601
"November 8, 2022 - General/Special Election",11/8/2022,Columbia,County Commission - District 4,Alison Couch (Rep),Election Day Votes,Harlem Senior Center,508
"November 8, 2022 - General/Special Election",11/8/2022,Columbia,County Commission - District 4,Alison Couch (Rep),Election Day Votes,Second Mount Moriah Baptist Church,371
"November 8, 2022 - General/Special Election",11/8/2022,Columbia,County Commission - District 4,Alison Couch (Rep),Election Day Votes,Bessie Thomas Center,221
"November 8, 2022 - General/Special Election",11/8/2022,Columbia,County Commission - District 4,Alison Couch (Rep),Election Day Votes,Philadelphia Church,475
"November 8, 2022 - General/Special Election",11/8/2022,Columbia,County Commission - District 4,Alison Couch (Rep),Election Day Votes,Liberty Park-Grovetown,582
"November 8, 2022 - General/Special Election",11/8/2022,Columbia,County Commission - District 4,Alison Couch (Rep),Election Day Votes,Grovetown Methodist,391
"November 8, 2022 - General/Special Election",11/8/2022,Columbia,County Commission - District 4,Alison Couch (Rep),Election Day Votes,Grovetown Dept of Public Safety Station #2,539
"November 8, 2022 - General/Special Election",11/8/2022,Columbia,County Commission - District 4,Alison Couch (Rep),Election Day Votes,Grove First Baptist Church,421
"November 8, 2022 - General/Special Election",11/8/2022,Columbia,County Commission - District 4,Alison Couch (Rep),Provisional Votes,Kiokee Bapt Church,0
"November 8, 2022 - General/Special Election",11/8/2022,Columbia,County Commission - District 4,Alison Couch (Rep),Provisional Votes,Harlem Branch Library,0
"November 8, 2022 - General/Special Election",11/8/2022,Columbia,County Commission - District 4,Alison Couch (Rep),Provisional Votes,Harlem Senior Center,0
"November 8, 2022 - General/Special Election",11/8/2022,Columbia,County Commission - District 4,Alison Couch (Rep),Provisional Votes,Second Mount Moriah Baptist Church,0
"November 8, 2022 - General/Special Election",11/8/2022,Columbia,County Commission - District 4,Alison Couch (Rep),Provisional Votes,Bessie Thomas Center,0
"November 8, 2022 - General/Special Election",11/8/2022,Columbia,County Commission - District 4,Alison Couch (Rep),Provisional Votes,Philadelphia Church,0
"November 8, 2022 - General/Special Election",11/8/2022,Columbia,County Commission - District 4,Alison Couch (Rep),Provisional Votes,Liberty Park-Grovetown,1
"November 8, 2022 - General/Special Election",11/8/2022,Columbia,County Commission - District 4,Alison Couch (Rep),Provisional Votes,Grovetown Methodist,1
"November 8, 2022 - General/Special Election",11/8/2022,Columbia,County Commission - District 4,Alison Couch (Rep),Provisional Votes,Grovetown Dept of Public Safety Station #2,0
"November 8, 2022 - General/Special Election",11/8/2022,Columbia,County Commission - District 4,Alison Couch (Rep),Provisional Votes,Grove First Baptist Church,0
