election,date,county,contest,choice,voting_method,precinct,num_votes
"November 3,2020-General Election",11/3/2020,Columbia,County Commission District 2,Don Skinner (Rep),Election Day Votes,Woodlawn Baptist Church,187
"November 3,2020-General Election",11/3/2020,Columbia,County Commission District 2,Don Skinner (Rep),Election Day Votes,Blanchard Park,301
"November 3,2020-General Election",11/3/2020,Columbia,County Commission District 2,Don Skinner (Rep),Election Day Votes,Belair Baptist Church,438
"November 3,2020-General Election",11/3/2020,Columbia,County Commission District 2,Don Skinner (Rep),Election Day Votes,Marvin Methodist,411
"November 3,2020-General Election",11/3/2020,Columbia,County Commission District 2,Don Skinner (Rep),Election Day Votes,Westside Baptist Church,336
"November 3,2020-General Election",11/3/2020,Columbia,County Commission District 2,Don Skinner (Rep),Election Day Votes,Trinity Baptist Church,523
"November 3,2020-General Election",11/3/2020,Columbia,County Commission District 2,Don Skinner (Rep),Election Day Votes,Abilene Baptist,372
"November 3,2020-General Election",11/3/2020,Columbia,County Commission District 2,Don Skinner (Rep),Election Day Votes,Mtz Col Fire Hdqtr,266
"November 3,2020-General Election",11/3/2020,Columbia,County Commission District 2,Don Skinner (Rep),Election Day Votes,Martinez Baptist,420
"November 3,2020-General Election",11/3/2020,Columbia,County Commission District 2,Don Skinner (Rep),Election Day Votes,Gold Cross EMS,271
"November 3,2020-General Election",11/3/2020,Columbia,County Commission District 2,Don Skinner (Rep),Election Day Votes,Church of Our Savior,407
"November 3,2020-General Election",11/3/2020,Columbia,County Commission District 2,Don Skinner (Rep),Advanced Voting Votes,Woodlawn Baptist Church,529
"November 3,2020-General Election",11/3/2020,Columbia,County Commission District 2,Don Skinner (Rep),Advanced Voting Votes,Blanchard Park,588
"November 3,2020-General Election",11/3/2020,Columbia,County Commission District 2,Don Skinner (Rep),Advanced Voting Votes,Belair Baptist Church,765
"November 3,2020-General Election",11/3/2020,Columbia,County Commission District 2,Don Skinner (Rep),Advanced Voting Votes,Marvin Methodist,494
"November 3,2020-General Election",11/3/2020,Columbia,County Commission District 2,Don Skinner (Rep),Advanced Voting Votes,Westside Baptist Church,470
"November 3,2020-General Election",11/3/2020,Columbia,County Commission District 2,Don Skinner (Rep),Advanced Voting Votes,Trinity Baptist Church,913
"November 3,2020-General Election",11/3/2020,Columbia,County Commission District 2,Don Skinner (Rep),Advanced Voting Votes,Abilene Baptist,606
"November 3,2020-General Election",11/3/2020,Columbia,County Commission District 2,Don Skinner (Rep),Advanced Voting Votes,Mtz Col Fire Hdqtr,301
"November 3,2020-General Election",11/3/2020,Columbia,County Commission District 2,Don Skinner (Rep),Advanced Voting Votes,Martinez Baptist,449
"November 3,2020-General Election",11/3/2020,Columbia,County Commission District 2,Don Skinner (Rep),Advanced Voting Votes,Gold Cross EMS,563
"November 3,2020-General Election",11/3/2020,Columbia,County Commission District 2,Don Skinner (Rep),Advanced Voting Votes,Church of Our Savior,624
"November 3,2020-General Election",11/3/2020,Columbia,County Commission District 2,Don Skinner (Rep),Absentee by Mail Votes,Woodlawn Baptist Church,160
"November 3,2020-General Election",11/3/2020,Columbia,County Commission District 2,Don Skinner (Rep),Absentee by Mail Votes,Blanchard Park,213
"November 3,2020-General Election",11/3/2020,Columbia,County Commission District 2,Don Skinner (Rep),Absentee by Mail Votes,Belair Baptist Church,253
"November 3,2020-General Election",11/3/2020,Columbia,County Commission District 2,Don Skinner (Rep),Absentee by Mail Votes,Marvin Methodist,215
"November 3,2020-General Election",11/3/2020,Columbia,County Commission District 2,Don Skinner (Rep),Absentee by Mail Votes,Westside Baptist Church,243
"November 3,2020-General Election",11/3/2020,Columbia,County Commission District 2,Don Skinner (Rep),Absentee by Mail Votes,Trinity Baptist Church,339
"November 3,2020-General Election",11/3/2020,Columbia,County Commission District 2,Don Skinner (Rep),Absentee by Mail Votes,Abilene Baptist,231
"November 3,2020-General Election",11/3/2020,Columbia,County Commission District 2,Don Skinner (Rep),Absentee by Mail Votes,Mtz Col Fire Hdqtr,114
"November 3,2020-General Election",11/3/2020,Columbia,County Commission District 2,Don Skinner (Rep),Absentee by Mail Votes,Martinez Baptist,184
"November 3,2020-General Election",11/3/2020,Columbia,County Commission District 2,Don Skinner (Rep),Absentee by Mail Votes,Gold Cross EMS,341
"November 3,2020-General Election",11/3/2020,Columbia,County Commission District 2,Don Skinner (Rep),Absentee by Mail Votes,Church of Our Savior,274
"November 3,2020-General Election",11/3/2020,Columbia,County Commission District 2,Don Skinner (Rep),Provisional Votes,Woodlawn Baptist Church,0
"November 3,2020-General Election",11/3/2020,Columbia,County Commission District 2,Don Skinner (Rep),Provisional Votes,Blanchard Park,2
"November 3,2020-General Election",11/3/2020,Columbia,County Commission District 2,Don Skinner (Rep),Provisional Votes,Belair Baptist Church,2
"November 3,2020-General Election",11/3/2020,Columbia,County Commission District 2,Don Skinner (Rep),Provisional Votes,Marvin Methodist,0
"November 3,2020-General Election",11/3/2020,Columbia,County Commission District 2,Don Skinner (Rep),Provisional Votes,Westside Baptist Church,0
"November 3,2020-General Election",11/3/2020,Columbia,County Commission District 2,Don Skinner (Rep),Provisional Votes,Trinity Baptist Church,3
"November 3,2020-General Election",11/3/2020,Columbia,County Commission District 2,Don Skinner (Rep),Provisional Votes,Abilene Baptist,0
"November 3,2020-General Election",11/3/2020,Columbia,County Commission District 2,Don Skinner (Rep),Provisional Votes,Mtz Col Fire Hdqtr,1
"November 3,2020-General Election",11/3/2020,Columbia,County Commission District 2,Don Skinner (Rep),Provisional Votes,Martinez Baptist,0
"November 3,2020-General Election",11/3/2020,Columbia,County Commission District 2,Don Skinner (Rep),Provisional Votes,Gold Cross EMS,4
"November 3,2020-General Election",11/3/2020,Columbia,County Commission District 2,Don Skinner (Rep),Provisional Votes,Church of Our Savior,3
"November 3,2020-General Election",11/3/2020,Columbia,County Commission District 3,Gary Richardson (I) (Rep),Election Day Votes,Lewis Methodist Church,503
"November 3,2020-General Election",11/3/2020,Columbia,County Commission District 3,Gary Richardson (I) (Rep),Election Day Votes,Patriots Park,447
"November 3,2020-General Election",11/3/2020,Columbia,County Commission District 3,Gary Richardson (I) (Rep),Election Day Votes,New Life Church,493
"November 3,2020-General Election",11/3/2020,Columbia,County Commission District 3,Gary Richardson (I) (Rep),Election Day Votes,Second Mt Carmel Baptist Church,158
"November 3,2020-General Election",11/3/2020,Columbia,County Commission District 3,Gary Richardson (I) (Rep),Election Day Votes,Damascus Baptist Church,373
"November 3,2020-General Election",11/3/2020,Columbia,County Commission District 3,Gary Richardson (I) (Rep),Election Day Votes,Col Cty Bd of Edu,281
"November 3,2020-General Election",11/3/2020,Columbia,County Commission District 3,Gary Richardson (I) (Rep),Election Day Votes,Greenbrier High,571
"November 3,2020-General Election",11/3/2020,Columbia,County Commission District 3,Gary Richardson (I) (Rep),Election Day Votes,Parkway Baptist Church,693
"November 3,2020-General Election",11/3/2020,Columbia,County Commission District 3,Gary Richardson (I) (Rep),Election Day Votes,Riverview Church,188
"November 3,2020-General Election",11/3/2020,Columbia,County Commission District 3,Gary Richardson (I) (Rep),Election Day Votes,Grace Baptist Church,483
"November 3,2020-General Election",11/3/2020,Columbia,County Commission District 3,Gary Richardson (I) (Rep),Election Day Votes,Christ Sanctified,416
"November 3,2020-General Election",11/3/2020,Columbia,County Commission District 3,Gary Richardson (I) (Rep),Election Day Votes,West Acres Baptist,360
"November 3,2020-General Election",11/3/2020,Columbia,County Commission District 3,Gary Richardson (I) (Rep),Advanced Voting Votes,Lewis Methodist Church,1407
"November 3,2020-General Election",11/3/2020,Columbia,County Commission District 3,Gary Richardson (I) (Rep),Advanced Voting Votes,Patriots Park,1699
"November 3,2020-General Election",11/3/2020,Columbia,County Commission District 3,Gary Richardson (I) (Rep),Advanced Voting Votes,New Life Church,1496
"November 3,2020-General Election",11/3/2020,Columbia,County Commission District 3,Gary Richardson (I) (Rep),Advanced Voting Votes,Second Mt Carmel Baptist Church,175
"November 3,2020-General Election",11/3/2020,Columbia,County Commission District 3,Gary Richardson (I) (Rep),Advanced Voting Votes,Damascus Baptist Church,318
"November 3,2020-General Election",11/3/2020,Columbia,County Commission District 3,Gary Richardson (I) (Rep),Advanced Voting Votes,Col Cty Bd of Edu,841
"November 3,2020-General Election",11/3/2020,Columbia,County Commission District 3,Gary Richardson (I) (Rep),Advanced Voting Votes,Greenbrier High,1420
"November 3,2020-General Election",11/3/2020,Columbia,County Commission District 3,Gary Richardson (I) (Rep),Advanced Voting Votes,Parkway Baptist Church,1877
"November 3,2020-General Election",11/3/2020,Columbia,County Commission District 3,Gary Richardson (I) (Rep),Advanced Voting Votes,Riverview Church,550
"November 3,2020-General Election",11/3/2020,Columbia,County Commission District 3,Gary Richardson (I) (Rep),Advanced Voting Votes,Grace Baptist Church,1357
"November 3,2020-General Election",11/3/2020,Columbia,County Commission District 3,Gary Richardson (I) (Rep),Advanced Voting Votes,Christ Sanctified,901
"November 3,2020-General Election",11/3/2020,Columbia,County Commission District 3,Gary Richardson (I) (Rep),Advanced Voting Votes,West Acres Baptist,902
"November 3,2020-General Election",11/3/2020,Columbia,County Commission District 3,Gary Richardson (I) (Rep),Absentee by Mail Votes,Lewis Methodist Church,433
"November 3,2020-General Election",11/3/2020,Columbia,County Commission District 3,Gary Richardson (I) (Rep),Absentee by Mail Votes,Patriots Park,341
"November 3,2020-General Election",11/3/2020,Columbia,County Commission District 3,Gary Richardson (I) (Rep),Absentee by Mail Votes,New Life Church,349
"November 3,2020-General Election",11/3/2020,Columbia,County Commission District 3,Gary Richardson (I) (Rep),Absentee by Mail Votes,Second Mt Carmel Baptist Church,56
"November 3,2020-General Election",11/3/2020,Columbia,County Commission District 3,Gary Richardson (I) (Rep),Absentee by Mail Votes,Damascus Baptist Church,83
"November 3,2020-General Election",11/3/2020,Columbia,County Commission District 3,Gary Richardson (I) (Rep),Absentee by Mail Votes,Col Cty Bd of Edu,231
"November 3,2020-General Election",11/3/2020,Columbia,County Commission District 3,Gary Richardson (I) (Rep),Absentee by Mail Votes,Greenbrier High,346
"November 3,2020-General Election",11/3/2020,Columbia,County Commission District 3,Gary Richardson (I) (Rep),Absentee by Mail Votes,Parkway Baptist Church,426
"November 3,2020-General Election",11/3/2020,Columbia,County Commission District 3,Gary Richardson (I) (Rep),Absentee by Mail Votes,Riverview Church,156
"November 3,2020-General Election",11/3/2020,Columbia,County Commission District 3,Gary Richardson (I) (Rep),Absentee by Mail Votes,Grace Baptist Church,314
"November 3,2020-General Election",11/3/2020,Columbia,County Commission District 3,Gary Richardson (I) (Rep),Absentee by Mail Votes,Christ Sanctified,255
"November 3,2020-General Election",11/3/2020,Columbia,County Commission District 3,Gary Richardson (I) (Rep),Absentee by Mail Votes,West Acres Baptist,282
"November 3,2020-General Election",11/3/2020,Columbia,County Commission District 3,Gary Richardson (I) (Rep),Provisional Votes,Lewis Methodist Church,2
"November 3,2020-General Election",11/3/2020,Columbia,County Commission District 3,Gary Richardson (I) (Rep),Provisional Votes,Patriots Park,0
"November 3,2020-General Election",11/3/2020,Columbia,County Commission District 3,Gary Richardson (I) (Rep),Provisional Votes,New Life Church,1
"November 3,2020-General Election",11/3/2020,Columbia,County Commission District 3,Gary Richardson (I) (Rep),Provisional Votes,Second Mt Carmel Baptist Church,0
"November 3,2020-General Election",11/3/2020,Columbia,County Commission District 3,Gary Richardson (I) (Rep),Provisional Votes,Damascus Baptist Church,1
"November 3,2020-General Election",11/3/2020,Columbia,County Commission District 3,Gary Richardson (I) (Rep),Provisional Votes,Col Cty Bd of Edu,3
"November 3,2020-General Election",11/3/2020,Columbia,County Commission District 3,Gary Richardson (I) (Rep),Provisional Votes,Greenbrier High,1
"November 3,2020-General Election",11/3/2020,Columbia,County Commission District 3,Gary Richardson (I) (Rep),Provisional Votes,Parkway Baptist Church,3
"November 3,2020-General Election",11/3/2020,Columbia,County Commission District 3,Gary Richardson (I) (Rep),Provisional Votes,Riverview Church,0
"November 3,2020-General Election",11/3/2020,Columbia,County Commission District 3,Gary Richardson (I) (Rep),Provisional Votes,Grace Baptist Church,0
"November 3,2020-General Election",11/3/2020,Columbia,County Commission District 3,Gary Richardson (I) (Rep),Provisional Votes,Christ Sanctified,0
"November 3,2020-General Election",11/3/2020,Columbia,County Commission District 3,Gary Richardson (I) (Rep),Provisional Votes,West Acres Baptist,1
