Precinct,C_TOT22,C_HSP22,C_NHS22,C_WHT22,C_BLA22,C_AMI22,C_ASI22,C_NHP22,C_2OM22,C_BLW22,C_AIW22,C_ASW22,C_AIB22,C_AIA22,C_ASN22,C_BLK22,CVAP_TOT22,CVAP_HSP22,CVAP_NHS22,CVAP_WHT22,CVAP_BLA22,CVAP_AMI22,CVAP_ASI22,CVAP_NHP22,CVAP_2OM22,CVAP_BLW22,CVAP_AIW22,CVAP_ASW22,CVAP_AIB22,CVAP_AIA22,CVAP_ASN22,CVAP_BLK22
Jefferson-:-00 001,1691,128,1566,1404,29,0,120,0,0,0,0,15,0,0,127,28,1347,64,1291,1181,4,0,89,0,0,0,0,8,0,0,95,4
Jefferson-:-00 002,1238,89,1154,1071,1,0,73,0,0,0,20,0,0,20,82,1,1012,60,948,880,2,0,57,0,0,0,20,0,0,20,64,2
Jefferson-:-00 003,1220,25,1200,1096,7,0,58,0,0,0,0,39,0,0,98,6,896,21,883,837,6,0,27,0,0,0,0,22,0,0,52,6
Jefferson-:-00 004,990,42,952,817,6,0,68,0,0,0,4,72,0,5,123,6,740,37,701,619,7,0,37,0,0,0,4,53,0,5,69,7
Jefferson-:-00 005,992,58,928,802,9,0,59,0,0,0,1,54,0,1,106,10,770,47,716,645,9,0,33,0,0,0,1,0,0,1,52,9
Jefferson-:-00 007,1165,118,1053,913,20,0,112,0,0,14,7,0,0,11,114,35,960,83,871,765,17,0,100,0,0,0,0,0,0,9,92,24
Jefferson-:-00 008,885,82,792,652,10,0,73,0,0,6,17,30,0,13,101,15,725,67,664,545,8,0,50,0,0,10,24,20,0,15,78,11
Jefferson-:-00 009,2297,223,2069,1102,845,0,121,0,0,0,0,30,35,11,124,863,1756,135,1615,986,562,0,75,0,0,0,0,0,35,11,75,579
Jefferson-:-00 010,1014,96,935,939,0,0,18,0,0,15,0,0,0,0,19,10,869,80,800,806,0,0,10,0,0,15,0,0,0,0,9,10
Jefferson-:-00 011,1575,123,1511,1088,44,0,101,0,0,93,0,0,0,0,91,223,1292,107,1225,932,45,0,100,0,0,17,0,0,0,0,90,58
Jefferson-:-00 012,1409,146,1285,1066,46,0,18,0,0,0,0,14,0,0,33,49,1188,89,1127,921,26,0,18,0,0,0,0,0,0,0,18,28
Jefferson-:-00 013,1472,260,1209,925,48,0,122,0,0,0,15,76,0,14,220,48,1145,188,948,798,48,0,90,0,0,0,15,0,0,14,89,48
Jefferson-:-00 014,621,40,603,439,54,0,0,0,0,45,0,0,0,0,0,85,558,24,556,413,61,0,0,0,0,39,0,0,0,0,0,89
Jefferson-:-00 015,952,219,691,516,347,0,0,0,0,45,0,0,0,0,0,402,797,123,622,472,301,0,0,0,0,51,0,0,0,0,0,360
Jefferson-:-00 016,789,145,642,649,2,0,0,0,0,0,0,0,0,0,0,3,541,61,482,495,1,0,0,0,0,0,0,0,0,0,0,2
Jefferson-:-00 017,1711,97,1650,1381,94,5,123,0,8,39,43,2,0,56,138,106,1483,92,1408,1231,57,5,110,0,7,1,47,0,0,60,124,58
Jefferson-:-00 018,1371,228,1039,899,45,0,95,0,2,78,24,1,0,13,95,63,1085,112,908,828,31,0,92,0,3,1,19,0,0,9,92,30
Jefferson-:-00 019,590,70,518,452,21,0,30,0,0,0,5,1,0,10,32,19,495,41,460,395,11,0,33,0,0,0,2,0,0,6,33,12
Jefferson-:-00 020,368,21,357,326,6,5,30,0,0,0,3,0,0,6,27,7,298,18,284,255,6,5,30,0,0,0,1,0,0,4,27,6
Jefferson-:-00 021,1065,322,739,669,0,0,17,0,35,0,4,10,0,4,28,0,822,240,581,518,0,0,4,0,35,0,4,10,0,4,14,1
Jefferson-:-00 022,1344,274,1104,828,254,0,36,0,0,0,0,0,0,0,41,256,922,103,870,659,190,0,43,0,0,0,0,0,0,0,44,186
Jefferson-:-00 023,2539,576,1898,879,959,0,21,0,0,45,3,0,0,3,20,999,1865,268,1533,743,732,0,25,0,0,20,3,0,0,3,22,750
Jefferson-:-00 024,1490,65,1425,1295,0,0,120,0,0,0,0,10,0,0,130,0,1390,65,1320,1195,0,0,120,0,0,0,0,10,0,0,130,0
Jefferson-:-00 025,1927,64,1846,1611,24,0,240,0,0,0,6,0,0,8,239,24,1697,63,1623,1384,27,0,242,0,0,0,4,0,0,6,240,27
Jefferson-:-00 026,2637,87,2564,2203,224,0,105,0,0,0,11,0,0,9,106,224,1859,86,1783,1504,146,0,103,0,0,0,13,0,0,10,105,146
Jefferson-:-00 027,2944,459,2475,1270,960,10,46,0,40,79,13,40,0,22,85,1037,2179,250,1921,1031,724,10,46,0,40,35,13,15,0,22,59,753
Jefferson-:-00 028,847,26,847,540,250,0,31,0,0,16,0,5,0,1,37,271,649,18,649,442,168,0,21,0,0,0,0,16,0,2,28,178
Jefferson-:-00 029,763,213,546,393,32,0,81,0,0,0,1,0,0,1,82,34,529,86,436,337,20,0,63,0,0,0,1,0,0,1,65,22
Jefferson-:-00 030,1803,84,1744,1560,66,0,117,0,0,0,0,10,0,0,127,64,1345,86,1276,1133,51,0,94,0,0,0,0,0,0,0,104,50
Jefferson-:-00 031,1400,66,1271,920,182,0,157,0,0,0,5,10,0,6,172,184,1115,62,1014,777,98,0,130,0,0,0,5,16,0,5,156,95
Jefferson-:-00 032,1130,12,1136,1036,20,0,79,0,0,0,10,0,0,9,75,17,973,3,983,890,10,0,74,0,0,0,10,0,0,10,71,10
Jefferson-:-00 033,1063,69,986,738,216,0,0,0,26,0,0,0,0,0,0,217,886,70,811,636,133,0,0,0,38,0,0,0,0,0,0,132
Jefferson-:-00 034,1127,6,1127,1075,7,0,0,0,0,10,0,15,0,0,14,17,803,6,801,779,4,0,0,0,0,0,0,8,0,0,2,4
Jefferson-:-00 035,816,23,811,790,1,0,20,0,0,0,0,0,0,0,20,2,601,14,593,577,2,0,17,0,0,0,0,0,0,0,19,2
Jefferson-:-00 036,626,38,579,569,1,0,14,0,0,0,0,0,0,0,16,0,459,21,429,413,1,0,18,0,0,0,0,0,0,0,18,1
Jefferson-:-00 037,952,96,844,803,2,0,30,2,0,0,0,0,0,1,29,2,697,44,649,617,1,0,24,2,0,0,1,0,0,1,22,1
Jefferson-:-00 038,1058,45,1024,939,5,0,11,0,69,0,35,0,0,35,13,4,888,45,850,778,4,0,9,0,57,0,20,0,0,21,12,5
Jefferson-:-00 039,789,55,731,734,0,0,2,0,0,0,0,0,0,0,2,0,611,54,561,562,0,0,2,0,0,0,0,0,0,0,2,0
Jefferson-:-00 040,806,100,707,659,0,0,36,1,0,0,2,0,0,2,43,0,590,36,556,536,0,0,10,1,0,0,2,0,0,2,14,0
Jefferson-:-00 041,911,110,797,746,6,0,54,1,0,15,5,0,0,5,46,9,758,78,679,656,2,0,22,1,0,0,4,0,0,4,18,4
Jefferson-:-00 042,1246,135,1111,951,84,0,19,0,0,0,8,0,0,8,19,99,1023,113,911,813,37,0,18,0,0,0,8,0,0,8,18,35
Jefferson-:-00 043,933,64,867,816,3,0,34,0,0,0,4,0,0,4,32,3,809,55,751,702,3,0,36,0,0,0,4,0,0,3,33,3
Jefferson-:-00 044,1451,190,1264,1186,4,0,6,0,0,0,0,70,0,0,76,4,1169,86,1084,1078,4,0,6,0,0,0,0,0,0,0,6,4
Jefferson-:-00 045,1548,57,1492,1428,36,0,4,0,0,5,2,30,0,2,34,38,1340,49,1291,1232,34,0,4,0,0,0,3,30,0,3,34,34
Jefferson-:-00 046,870,236,629,484,44,0,43,0,45,0,2,20,0,1,63,44,597,55,542,451,42,0,42,0,0,0,1,20,0,1,62,42
Jefferson-:-00 051,2160,261,1906,1806,47,0,0,0,0,0,50,0,0,50,0,47,1876,196,1682,1609,41,0,0,0,0,0,30,0,0,30,0,42
Jefferson-:-00 052,2054,211,1855,1724,32,0,31,0,12,37,14,0,0,14,32,70,1693,201,1493,1400,25,0,24,0,11,14,14,0,0,14,26,44
Jefferson-:-00 053,1145,139,1007,917,28,0,40,0,3,36,1,0,0,1,36,58,878,126,749,694,27,0,26,0,4,18,1,0,0,1,23,42
Jefferson-:-00 054,1454,111,1323,1264,18,0,1,0,11,9,4,0,0,5,1,40,1114,83,1019,964,16,0,1,1,0,12,4,0,0,6,1,31
Jefferson-:-00 055,968,88,883,775,100,0,0,0,0,0,11,0,0,8,0,100,932,88,845,740,99,0,0,0,0,0,11,0,0,9,0,98
Jefferson-:-00 056,1939,164,1797,1528,148,0,104,0,0,0,3,0,0,5,105,159,1787,158,1648,1428,155,0,41,0,0,0,3,0,0,4,41,161
Jefferson-:-00 057,1177,149,1009,806,118,4,71,0,0,0,15,0,0,19,70,109,1004,72,911,731,109,4,64,0,0,0,15,0,0,19,64,104
Jefferson-:-00 058,2203,498,1598,1133,371,0,35,0,0,0,0,10,0,24,70,395,1726,237,1408,1005,329,0,35,0,0,0,0,0,0,24,35,356
Jefferson-:-00 059,1758,129,1721,1485,108,0,110,0,0,0,10,0,0,10,110,108,1550,104,1518,1399,66,0,50,0,0,0,10,0,0,10,50,65
Jefferson-:-00 060,2535,136,2407,2397,5,0,0,0,0,0,0,4,0,0,4,4,1782,84,1706,1696,5,0,0,0,0,0,0,4,0,0,4,5
Jefferson-:-00 061,945,186,751,656,4,17,39,3,6,43,0,0,0,21,41,31,663,74,592,521,5,17,46,3,0,0,0,0,0,23,47,5
Jefferson-:-00 062,890,47,858,800,3,12,1,5,17,22,0,0,0,11,2,23,720,34,696,683,2,12,2,4,0,0,0,0,0,8,2,2
Jefferson-:-00 063,915,70,840,750,19,0,76,0,0,0,6,0,0,5,78,15,784,52,725,676,0,0,63,0,0,0,6,0,0,6,65,0
Jefferson-:-00 064,720,54,674,588,31,0,24,0,0,15,4,0,0,5,22,50,614,34,590,542,0,0,22,0,0,0,4,0,0,4,20,0
Jefferson-:-00 065,1282,134,1148,979,23,6,52,2,26,25,15,10,0,17,61,66,1035,95,937,862,23,6,25,2,0,10,4,10,0,6,35,33
Jefferson-:-00 066,1033,56,974,892,23,0,15,0,0,45,0,0,0,0,15,69,869,56,812,751,23,0,15,0,0,25,0,0,0,0,15,48
Jefferson-:-00 067,573,68,510,404,25,0,0,0,0,2,0,94,0,1,51,30,474,34,447,359,20,0,0,0,0,0,0,36,0,0,13,24
Jefferson-:-00 068,1921,240,1656,1239,270,6,10,0,0,18,10,46,0,12,105,285,1618,154,1441,1093,275,5,13,0,0,20,10,24,0,13,63,291
Jefferson-:-00 069,671,37,654,647,0,4,40,0,0,0,0,0,0,7,34,0,658,37,637,623,0,5,37,0,0,0,0,0,0,7,34,0
Jefferson-:-00 070,1115,59,1075,827,208,0,52,0,0,0,0,0,0,0,47,209,1026,63,979,760,205,0,9,0,0,0,0,0,0,0,9,209
Jefferson-:-00 071,2195,192,1984,1634,277,0,33,0,0,27,0,0,0,0,36,304,1680,135,1531,1314,171,0,22,0,0,24,0,0,0,0,22,189
Jefferson-:-00 072,950,15,935,775,125,4,35,0,0,0,0,0,0,4,35,125,745,15,730,660,35,4,35,0,0,0,0,0,0,4,35,35
Jefferson-:-00 073,3216,325,2959,2203,675,0,44,0,0,18,0,0,0,0,43,703,2445,201,2332,1732,540,0,40,0,0,6,0,0,0,0,42,555
Jefferson-:-00 074,2776,474,2251,1216,943,0,23,0,48,155,0,0,0,0,21,952,1894,102,1712,998,614,0,23,0,40,39,0,0,0,0,21,611
Jefferson-:-00 075,947,158,787,692,74,0,0,0,0,0,32,0,0,31,0,72,853,101,758,645,85,0,0,0,0,0,35,0,0,33,0,85
Jefferson-:-00 076,3366,323,3001,1353,1245,0,0,0,300,0,15,0,0,14,0,1378,2447,198,2244,1162,670,0,0,0,243,101,15,0,0,14,0,809
Jefferson-:-00 077,1623,121,1530,1281,165,0,0,0,57,7,5,0,0,6,0,175,1248,120,1134,1101,65,0,0,0,27,4,5,0,0,6,0,69
Jefferson-:-00 078,3161,128,3040,1371,1355,0,125,0,100,0,0,90,10,10,215,1366,2401,110,2304,1161,1015,0,95,0,0,0,0,30,10,10,125,1025
Jefferson-:-00 079,712,32,688,684,0,0,0,0,0,3,0,0,0,0,0,2,604,32,584,584,0,0,0,0,0,0,0,0,0,0,0,1
Jefferson-:-00 080,931,196,738,650,55,0,0,0,0,0,3,0,0,7,0,58,757,108,647,588,34,0,0,0,0,0,0,0,0,4,0,34
Jefferson-:-00 081,714,94,625,589,62,4,0,0,0,0,0,0,0,1,0,59,570,57,518,492,47,4,0,0,0,0,0,0,0,2,0,46
Jefferson-:-00 082,2163,329,1824,1123,672,0,54,0,0,0,0,0,0,0,52,671,1749,303,1425,896,499,0,57,0,0,0,0,0,0,0,53,498
Jefferson-:-00 083,566,43,520,478,51,0,0,0,0,0,0,0,0,0,0,54,452,21,432,393,45,0,0,0,0,0,0,0,0,0,0,46
Jefferson-:-00 084,959,115,836,701,82,0,11,0,0,0,3,0,0,3,13,82,783,109,682,597,48,0,8,0,0,0,3,0,0,3,12,49
Jefferson-:-00 085,1856,163,1674,1366,66,0,175,0,0,0,0,0,0,0,175,66,1507,98,1403,1199,53,0,76,0,0,12,0,0,0,0,76,58
Jefferson-:-00 086,836,45,773,736,13,0,0,0,0,0,3,0,0,3,0,13,759,42,697,657,15,0,0,0,0,0,3,0,0,3,0,16
Jefferson-:-00 087,995,35,976,954,0,0,19,0,0,35,4,11,0,3,34,16,856,21,845,827,0,0,9,0,0,9,5,11,0,4,21,7
Jefferson-:-00 088,801,73,741,687,1,11,3,0,0,0,1,0,0,12,20,1,624,56,578,534,2,11,0,0,0,0,1,0,0,12,11,1
Jefferson-:-00 089,1291,163,1153,1135,4,0,48,0,0,0,0,4,0,1,48,23,1012,81,940,959,2,0,18,0,0,14,0,4,0,1,21,25
Jefferson-:-00 090,875,19,856,862,4,0,2,0,0,0,0,4,0,0,6,4,791,14,775,780,4,0,1,0,0,0,0,4,0,0,5,4
Jefferson-:-00 091,993,84,909,893,15,4,0,0,0,0,1,0,0,4,0,15,875,88,787,772,15,0,0,0,0,0,0,0,0,0,0,15
Jefferson-:-00 092,723,16,715,714,0,0,0,0,0,0,0,0,0,1,0,2,548,12,539,542,0,0,0,0,0,0,0,0,0,0,0,3
Jefferson-:-00 093,825,60,752,656,0,9,92,0,0,0,27,0,0,36,75,0,652,40,600,526,0,9,65,0,0,0,0,0,0,9,54,0
Jefferson-:-00 094,1104,71,1048,1025,0,0,0,0,0,0,18,0,0,18,0,0,867,68,815,789,0,0,0,0,0,0,45,0,0,45,0,0
Jefferson-:-00 095,1098,67,1030,836,191,0,0,0,0,0,0,0,0,0,0,192,724,38,687,597,95,0,0,0,0,0,0,0,0,0,0,95
Jefferson-:-00 096,474,13,461,399,14,0,2,0,0,0,0,0,0,0,1,39,370,13,354,298,0,0,3,0,0,0,0,0,0,0,2,15
Jefferson-:-00 097,779,0,772,765,10,0,0,0,0,0,0,0,0,0,0,8,623,0,620,610,10,0,0,0,0,0,0,0,0,0,0,7
Jefferson-:-00 098,1291,85,1215,1216,0,0,0,0,0,0,7,0,0,3,0,0,1175,52,1129,1133,0,0,0,0,0,0,7,0,0,4,0,0
Jefferson-:-00 099,619,30,580,539,0,4,0,0,0,0,23,0,0,31,0,0,550,23,521,482,0,4,0,0,0,0,23,0,0,30,0,0
Jefferson-:-00 100,403,50,348,347,0,0,0,0,0,0,0,0,0,0,0,0,358,52,298,297,0,0,0,0,0,0,0,0,0,0,0,0
Jefferson-:-00 101,342,7,336,291,0,0,1,0,0,0,0,0,0,0,1,85,297,7,291,241,0,0,0,0,0,0,0,0,0,0,0,87
Jefferson-:-00 102,625,200,425,425,0,0,0,0,0,0,0,0,0,0,0,0,495,130,360,360,0,0,0,0,0,0,0,0,0,0,0,0
Jefferson-:-00 103,866,23,843,714,0,0,12,0,4,205,0,0,0,0,13,94,744,22,723,599,0,0,12,0,4,205,0,0,0,0,13,103
Jefferson-:-00 104,1220,45,1174,17,1121,30,15,0,0,0,0,0,0,30,15,1120,956,15,941,16,888,30,15,0,0,0,0,0,0,30,15,884
Jefferson-:-00 105,433,26,408,356,7,0,0,0,7,0,0,7,0,0,2,11,339,11,337,320,5,0,0,0,6,0,0,0,0,0,1,8
Jefferson-:-00 106,690,70,620,455,141,0,0,0,5,0,0,3,0,0,7,141,522,28,490,397,81,0,0,0,5,0,0,10,0,0,7,78
Jefferson-:-00 108,578,0,585,4,582,0,0,0,0,0,0,0,0,0,0,583,453,0,456,5,450,0,0,0,0,0,0,0,0,0,0,454
Jefferson-:-00 115,623,43,577,91,447,0,8,0,0,0,0,0,0,0,21,449,545,34,513,80,402,0,7,0,0,0,0,0,0,0,15,402
Jefferson-:-00 116,1089,106,947,642,301,0,50,0,0,0,0,0,0,0,36,300,1021,98,907,597,298,0,51,0,0,0,0,0,0,0,42,298
Jefferson-:-00 117,1493,71,1461,1362,77,0,7,0,0,0,0,0,0,0,8,76,1329,68,1285,1218,45,0,7,0,0,0,0,0,0,0,8,45
Jefferson-:-00 118,1089,33,1061,1007,2,4,40,0,0,30,0,0,0,4,40,25,909,23,890,863,2,4,25,0,0,10,0,0,0,4,25,11
Jefferson-:-00 119,738,47,694,657,39,0,0,0,0,0,19,0,0,19,0,36,566,45,519,487,42,0,0,0,0,0,9,0,0,9,0,39
Jefferson-:-00 120,559,31,531,498,6,0,0,0,0,0,0,0,0,0,0,16,399,22,378,354,3,0,0,0,0,0,0,0,0,0,0,7
Jefferson-:-00 121,1265,124,1142,1095,0,0,10,0,4,0,30,0,0,30,10,0,1002,109,899,872,0,0,10,0,0,0,10,0,0,10,10,0
Jefferson-:-00 122,1366,69,1295,1196,42,0,0,0,0,0,50,6,0,51,5,10,1027,62,961,925,16,0,0,0,0,0,15,1,0,16,2,10
Jefferson-:-00 123,2153,65,2094,1901,162,4,0,0,0,0,4,23,0,7,25,200,1810,42,1773,1697,58,4,0,0,0,0,4,8,0,7,8,65
Jefferson-:-00 124,2614,290,2325,2201,53,0,0,0,0,0,30,20,0,30,20,53,1946,225,1713,1642,53,0,0,0,0,0,4,0,0,4,0,53
Jefferson-:-00 125A,2579,141,2438,885,1252,20,190,0,0,75,15,0,0,35,190,1327,1921,140,1781,846,705,20,190,0,0,0,15,0,0,35,190,705
Jefferson-:-00 125B,2719,292,2433,1603,650,0,73,0,0,0,3,85,0,3,160,648,2443,239,2195,1467,553,0,71,0,0,0,3,85,0,2,157,551
Jefferson-:-00 126,1535,140,1395,1165,220,0,0,0,15,0,0,0,0,0,0,220,1275,110,1165,1000,150,0,0,0,15,0,0,0,0,0,0,150
Jefferson-:-00 127,1321,81,1240,844,377,0,10,0,0,0,0,0,0,0,10,378,979,62,913,618,279,0,10,0,0,0,0,0,0,0,10,279
Jefferson-:-00 128,1344,47,1295,1093,220,0,0,0,0,0,0,0,0,0,0,219,1142,46,1097,888,215,0,0,0,0,0,0,0,0,0,0,214
Jefferson-:-00 129,970,67,896,799,81,0,39,0,0,0,8,0,0,9,33,77,806,37,763,713,36,0,15,0,0,0,9,0,0,8,15,34
Jefferson-:-00 130,726,57,674,574,71,0,21,0,0,0,9,0,0,8,21,74,556,28,537,494,27,0,13,0,0,0,9,0,0,10,13,27
Jefferson-:-00 131,582,47,533,121,452,0,0,0,3,0,0,0,0,0,1,448,457,30,421,87,335,0,0,0,4,0,0,0,0,0,2,338
Jefferson-:-00 132,684,111,570,462,58,0,15,0,0,0,3,0,0,3,21,59,573,75,495,418,57,0,1,0,0,0,2,0,0,2,1,59
Jefferson-:-00 133,550,33,515,116,397,0,0,0,0,0,0,0,0,0,0,397,466,33,433,80,351,0,0,0,0,0,0,0,0,0,0,349
Jefferson-:-00 134,1535,95,1445,1035,350,0,25,0,0,30,4,0,0,4,25,380,1305,95,1215,895,300,0,15,0,0,0,4,0,0,4,15,300
Jefferson-:-00 136,1009,61,986,698,258,0,10,0,0,0,20,5,0,20,14,258,864,36,860,661,172,0,6,0,0,0,20,5,0,20,10,172
Jefferson-:-00 138,376,59,284,122,142,0,14,0,0,0,0,5,0,0,20,142,336,59,250,114,123,0,8,0,0,0,0,5,0,0,14,123
Jefferson-:-00 150,3335,335,3005,1050,1875,30,0,0,0,50,0,0,0,30,0,1925,2445,335,2110,935,1100,30,0,0,0,50,0,0,0,30,0,1150
Jefferson-:-00 151,3335,261,3082,1204,1593,0,49,0,0,200,0,40,0,0,70,1793,2328,205,2128,1017,993,0,28,0,0,80,0,0,0,0,38,1071
Jefferson-:-00 152,905,175,730,365,365,0,0,0,0,0,0,0,0,0,0,365,660,70,590,315,270,0,0,0,0,0,0,0,0,0,0,270
Jefferson-:-00 153,2396,0,2400,3,2393,0,0,0,0,0,0,0,0,0,0,2395,1802,0,1809,4,1799,0,0,0,0,0,0,0,0,0,0,1803
Jefferson-:-00 154,1939,0,1935,27,1912,0,0,0,0,0,0,0,0,0,0,1910,1633,0,1626,26,1606,0,0,0,0,0,0,0,0,0,0,1602
Jefferson-:-00 155,1456,85,1371,1185,178,0,0,0,0,0,0,0,13,8,0,183,1207,45,1161,1005,148,0,0,0,0,0,0,0,13,7,0,151
Jefferson-:-00 156,2998,449,2451,285,2175,50,0,0,0,0,10,0,5,66,0,2182,2014,179,1741,242,1449,50,0,0,0,0,10,0,7,70,0,1464
Jefferson-:-00 157A,3305,329,2967,1181,1244,0,396,0,0,0,15,100,37,52,515,1280,2335,185,2147,918,741,0,367,0,0,0,15,115,0,15,472,743
Jefferson-:-00 157B,0,0,0,0,0,0,0,0,0,0,0,0,0,0,0,0,0,0,0,0,0,0,0,0,0,0,0,0,0,0,0,0
Jefferson-:-00 170,1885,305,1575,1150,390,4,0,0,0,15,10,0,0,14,0,405,1530,255,1275,980,265,4,0,0,0,15,10,0,0,14,0,280
Jefferson-:-00 171,333,47,288,115,98,0,14,0,0,18,4,0,0,1,13,116,266,41,232,111,59,0,17,0,0,0,4,0,0,1,15,68
Jefferson-:-00 172,1900,155,1745,955,605,0,0,0,20,130,0,0,35,35,0,770,1465,85,1375,850,470,0,0,0,20,40,0,0,0,0,0,510
Jefferson-:-00 173,757,30,721,103,624,0,0,0,0,0,0,0,0,0,0,633,562,27,533,100,433,0,0,0,0,0,0,0,0,0,0,443
Jefferson-:-00 174,662,57,605,308,240,0,36,0,0,0,0,0,0,1,37,241,469,47,425,283,118,0,33,0,0,0,0,0,0,1,35,119
Jefferson-:-00 175,1147,75,1071,956,45,4,0,4,0,0,10,55,0,14,55,45,989,35,948,853,40,4,0,4,0,0,4,45,0,8,45,40
Jefferson-:-00 176,740,45,695,655,10,0,0,0,4,10,4,4,0,4,4,20,650,15,640,615,10,0,0,0,0,4,0,4,0,0,4,14
Jefferson-:-00 177,1065,34,1025,885,92,0,11,0,0,0,0,10,0,0,20,94,909,33,860,734,88,0,8,0,0,0,0,10,0,0,15,84
Jefferson-:-00 178,793,20,775,648,120,0,4,0,0,0,0,0,0,0,5,118,725,21,713,581,124,0,7,0,0,0,0,0,0,0,10,128
Jefferson-:-00 179A,3219,0,3194,1185,1154,0,938,0,0,0,65,0,0,43,929,1157,2502,0,2476,988,788,0,789,0,0,0,65,0,0,49,789,788
Jefferson-:-00 179B,996,0,1021,55,741,0,87,0,0,0,0,0,0,22,96,738,883,0,909,47,622,0,86,0,0,0,0,0,0,16,86,622
Jefferson-:-00 180,1085,0,1085,10,1030,0,0,0,4,10,0,0,25,25,0,1065,1000,0,1000,10,950,0,0,0,0,10,0,0,25,25,0,985
Jefferson-:-00 181,1912,9,1909,201,1584,0,0,0,95,12,0,0,55,57,0,1654,1528,9,1528,141,1332,0,0,0,20,30,0,0,55,57,0,1400
Jefferson-:-00 182,1159,36,1121,562,494,15,40,0,0,20,4,4,0,19,44,501,946,35,909,532,303,15,25,0,0,0,0,4,0,15,29,300
Jefferson-:-00 183,1117,133,983,739,198,0,11,0,6,10,1,4,2,5,17,215,982,99,881,685,164,0,4,0,6,9,0,1,2,5,5,188
Jefferson-:-00 184,2781,182,2584,1767,599,0,132,0,11,57,7,20,2,7,148,657,2225,145,2068,1520,376,0,106,0,15,45,8,3,2,7,111,417
Jefferson-:-00 185A,804,11,806,729,15,0,77,0,8,7,0,16,0,0,95,21,642,11,645,592,14,0,56,0,4,15,0,0,0,0,54,24
Jefferson-:-00 185B,1120,20,1107,307,545,0,250,0,0,0,0,0,0,0,250,542,747,11,743,228,328,0,189,0,0,0,0,0,0,0,189,326
Jefferson-:-00 187,2950,0,2950,35,2815,0,0,0,0,100,0,0,0,0,0,2915,2105,0,2105,35,2070,0,0,0,0,0,0,0,0,0,0,2070
Jefferson-:-00 188,1223,212,1033,109,909,2,4,0,0,3,0,0,0,5,4,917,895,155,761,97,655,0,3,0,0,0,0,0,0,4,3,663
Jefferson-:-00 189,2728,327,2396,1480,726,15,63,35,0,45,20,136,0,35,130,770,2214,149,2062,1363,586,0,58,35,0,15,20,4,0,20,72,599
Jefferson-:-00 190,2432,128,2309,1445,249,0,311,0,0,0,0,183,0,0,563,250,1801,101,1703,1217,229,0,241,0,0,0,0,0,0,0,231,231
Jefferson-:-00 191,3075,530,2547,1056,1316,8,54,0,0,42,14,60,0,13,114,1361,2394,370,2023,825,1117,10,56,0,0,0,7,0,0,10,56,1119
Jefferson-:-00 192,2856,176,2680,1843,664,0,15,0,14,29,120,18,0,94,32,691,2020,113,1900,1300,523,0,15,0,9,30,52,0,0,43,16,552
Jefferson-:-00 193A,1013,112,906,399,425,0,5,0,5,0,58,0,0,84,5,423,878,90,782,328,428,0,5,0,0,0,4,0,0,17,4,430
Jefferson-:-00 193B,2627,208,2425,1021,1308,20,0,0,0,45,20,27,0,38,31,1346,2104,182,1933,868,1008,15,0,0,0,0,15,25,0,27,29,1009
Jefferson-:-00 194A,1390,250,1140,780,360,0,0,0,0,0,0,0,0,0,0,360,930,150,785,495,290,0,0,0,0,0,0,0,0,0,0,290
Jefferson-:-00 194B,2020,134,1882,1447,320,15,55,0,0,45,0,0,0,23,55,365,1547,94,1454,1094,275,14,55,0,0,15,0,0,0,23,55,290
Jefferson-:-00 195,2207,31,2162,251,1657,0,258,0,0,0,4,0,0,2,259,1664,1733,24,1703,248,1260,0,202,0,0,0,4,0,0,2,201,1265
Jefferson-:-00 196,3725,147,3576,308,3137,0,64,0,25,6,0,0,0,7,64,3138,2654,101,2540,285,2153,0,43,0,25,6,0,0,0,5,44,2157
Jefferson-:-00 197A,274,2,278,8,279,0,0,0,0,0,0,0,0,0,0,277,211,2,212,9,207,0,0,0,0,0,0,0,0,0,0,207
Jefferson-:-00 197B,2906,71,2838,213,2606,0,0,0,0,4,4,0,15,19,0,2622,2243,63,2189,175,1993,0,0,0,0,4,4,0,15,19,0,2007
Jefferson-:-00 198,2352,115,2242,1631,375,15,161,0,0,0,2,100,0,17,254,375,1886,78,1813,1342,285,15,165,0,0,0,2,70,0,17,225,285
Jefferson-:-00 199,1578,56,1526,925,558,0,0,0,0,0,6,15,0,5,15,558,1119,37,1088,807,247,0,0,0,0,0,2,15,0,2,15,247
Jefferson-:-00 200,1430,10,1420,10,1390,0,0,0,0,20,0,0,0,0,0,1410,1185,10,1175,10,1145,0,0,0,0,20,0,0,0,0,0,1165
Jefferson-:-00 201,1930,168,1740,16,1728,0,2,0,0,0,0,0,0,0,2,1724,1392,130,1245,13,1238,0,2,0,0,0,0,0,0,0,2,1233
Jefferson-:-00 202,988,71,916,474,323,30,76,0,0,0,15,0,0,41,76,324,801,46,759,327,325,31,76,0,0,0,0,0,0,22,76,324
Jefferson-:-00 203,2093,117,1974,1269,549,0,3,0,6,16,52,55,0,56,55,571,1557,84,1468,970,389,0,2,0,6,15,45,45,0,47,43,398
Jefferson-:-00 204,1905,20,1885,1075,350,10,395,0,0,50,0,0,0,10,395,400,1510,20,1490,945,350,10,180,0,0,0,0,0,0,10,180,350
Jefferson-:-00 205,2228,84,2141,155,1896,15,28,0,25,4,40,0,0,50,27,1903,1674,55,1621,113,1422,15,25,0,25,4,40,0,0,52,25,1428
Jefferson-:-00 210,845,120,725,540,155,0,0,0,0,4,4,10,10,14,10,169,725,65,660,520,120,0,0,0,0,4,4,10,0,4,10,124
Jefferson-:-00 211,2040,127,1916,1090,722,10,30,0,0,10,11,15,0,21,45,729,1919,97,1828,1025,700,10,30,0,0,10,2,15,0,11,45,707
Jefferson-:-00 212,1630,10,1617,9,1590,0,2,0,0,0,0,0,4,4,2,1596,1248,10,1239,8,1215,0,2,0,0,0,0,0,4,4,2,1221
Jefferson-:-00 213A,889,139,752,76,518,0,122,0,0,0,0,0,0,0,116,514,674,67,607,77,439,0,77,0,0,0,0,0,0,0,73,440
Jefferson-:-00 213B,1080,82,965,433,382,0,125,0,0,0,17,0,0,14,132,388,824,32,768,350,292,0,75,0,0,0,15,0,0,16,79,291
Jefferson-:-00 213C,1946,379,1598,126,1505,0,8,0,0,0,3,0,0,6,7,1503,1147,71,1095,108,1029,0,3,0,0,0,5,0,0,4,3,1029
Jefferson-:-00 214A,982,213,758,379,358,1,0,0,0,0,0,0,0,4,0,376,637,103,522,290,216,4,0,0,0,0,0,0,0,4,0,220
Jefferson-:-00 214B,3161,349,2838,294,2553,3,20,0,0,0,0,0,0,0,19,2532,2047,206,1870,250,1585,0,20,0,0,0,0,0,0,0,20,1582
Jefferson-:-00 215,2909,69,2850,1271,1330,0,272,0,0,0,0,0,0,0,269,1324,2176,40,2139,977,1017,0,165,0,0,0,0,0,0,0,162,1013
Jefferson-:-00 216A,2164,84,2077,216,1743,0,113,0,0,0,0,0,0,0,112,1744,1620,84,1527,163,1252,0,112,0,0,0,0,0,0,0,112,1252
Jefferson-:-00 216B,1400,300,1100,240,675,0,190,0,0,0,0,0,0,0,190,675,1245,210,1035,240,675,0,125,0,0,0,0,0,0,0,125,675
Jefferson-:-00 216C,2161,56,2108,79,1997,0,37,0,0,0,0,0,0,0,38,1996,1730,56,1678,77,1573,0,33,0,0,0,0,0,0,0,33,1573
Jefferson-:-00 217,3076,226,2848,864,1380,0,591,0,0,0,0,0,0,0,594,1384,2306,150,2157,739,1068,0,343,0,0,0,0,0,0,0,346,1070
Jefferson-:-00 225,3163,756,2434,581,1725,0,94,0,0,0,0,0,0,0,94,1725,2277,291,2013,560,1345,0,94,0,0,0,0,0,0,0,94,1345
Jefferson-:-00 226,3337,654,2694,1225,1488,0,0,0,0,0,0,0,0,0,0,1487,2412,504,1908,911,1016,0,0,0,0,0,0,0,0,0,0,1015
Jefferson-:-00 227,2073,866,1191,435,692,0,15,0,0,20,4,0,0,4,15,713,1138,151,982,389,559,0,15,0,0,0,4,0,0,4,15,560
Jefferson-:-00 228,1585,455,1130,625,465,0,15,0,0,20,0,4,0,0,19,485,1240,280,960,580,335,0,15,0,0,20,0,4,0,0,19,355
Jefferson-:-00 229,1116,83,1039,680,207,120,0,0,0,0,0,15,0,120,15,207,916,64,854,628,167,35,0,0,0,0,0,15,0,35,15,167
Jefferson-:-00 230,2109,457,1657,1377,100,0,50,0,0,110,0,25,0,0,75,210,1608,250,1358,1193,100,0,50,0,0,20,0,0,0,0,50,120
Jefferson-:-00 231,2159,348,1808,1179,367,0,106,0,0,0,95,35,4,103,141,370,1393,95,1298,835,335,0,62,0,0,0,35,15,4,44,77,337
Jefferson-:-00 232A,2656,682,1972,331,1548,0,24,0,20,55,20,0,0,16,24,1604,1757,270,1487,310,1150,0,23,0,0,0,20,0,0,15,23,1152
Jefferson-:-00 232B,3765,25,3740,275,2965,0,495,0,0,0,0,0,0,0,495,2965,2485,25,2460,220,1920,0,325,0,0,0,0,0,0,0,325,1920
Jefferson-:-00 234,3120,985,2129,818,1018,0,34,0,0,20,0,250,0,0,284,1038,1951,406,1543,699,723,0,34,0,0,20,0,70,0,0,104,743
Jefferson-:-00 235,811,21,790,168,587,0,129,0,0,0,0,0,0,0,126,582,506,10,491,151,253,0,99,0,0,0,0,0,0,0,99,253
Jefferson-:-00 236,2983,277,2700,1104,1511,0,75,0,0,31,0,0,0,0,75,1545,2070,261,1813,719,1022,0,75,0,0,0,0,0,0,0,75,1027
Jefferson-:-00 237,2737,218,2525,1006,1099,0,105,0,45,29,210,0,10,220,105,1135,1980,174,1802,661,863,0,40,0,10,19,195,0,10,205,40,887
Jefferson-:-00 238A,2030,183,1850,1080,582,0,63,0,0,120,0,0,0,0,63,691,1644,170,1475,938,376,0,62,0,0,75,0,0,0,0,62,443
Jefferson-:-00 238B,2510,77,2425,965,1393,0,72,0,0,0,0,0,0,0,72,1404,1496,80,1415,677,689,0,73,0,0,0,0,0,0,0,73,697
Jefferson-:-00 246,900,171,719,555,0,4,44,0,0,0,92,0,0,97,51,0,572,46,509,369,0,4,40,0,0,0,56,0,0,60,50,0
Jefferson-:-00 247,676,0,686,607,9,4,0,0,0,0,4,47,0,8,40,8,519,0,525,485,9,4,0,0,0,0,4,24,0,8,19,8
Jefferson-:-00 248,657,0,648,566,1,0,0,0,0,0,0,88,0,1,95,2,500,0,494,447,1,0,0,0,0,0,0,36,0,1,41,2
Jefferson-:-00 G001,431,27,404,394,26,0,5,0,0,0,5,20,0,4,19,26,364,19,344,341,19,0,5,0,0,0,3,20,0,3,18,19
Jefferson-:-00 G002,925,97,827,324,455,3,0,1,0,0,0,8,0,15,9,453,788,50,737,275,403,2,0,1,0,0,0,25,0,10,9,403
Jefferson-:-00 G003,1554,94,1471,1186,238,10,13,0,0,2,8,0,20,30,19,264,1278,59,1226,1022,178,10,7,0,0,0,8,0,0,14,12,193
Jefferson-:-00 G004,570,43,508,151,261,30,2,0,0,0,9,0,20,68,3,281,468,37,418,134,192,30,2,0,0,0,10,0,25,70,3,205
Jefferson-:-00 G005,628,60,568,497,56,0,35,0,0,1,0,0,0,0,34,58,524,27,491,421,57,0,12,0,0,0,0,0,0,0,13,57
Jefferson-:-00 G006,887,36,838,218,621,22,0,3,0,9,0,8,0,10,12,629,744,11,728,190,566,13,0,3,0,0,0,0,0,5,13,568
Jefferson-:-00 G007,1592,207,1400,266,1063,0,0,0,22,16,4,9,0,4,4,1083,1243,78,1171,246,869,0,0,0,12,4,4,0,0,4,3,872
Jefferson-:-00 G008,967,119,853,412,412,0,20,0,0,5,1,0,0,1,20,415,752,85,673,362,314,0,14,0,0,0,1,0,0,1,14,314
Jefferson-:-00 G009,1509,277,1224,771,411,0,0,0,0,30,10,10,40,49,4,470,1300,238,1052,701,344,0,0,0,0,0,10,10,40,46,3,377
Jefferson-:-00 G010,1656,199,1455,1257,51,0,160,0,3,4,0,0,0,0,160,54,1260,105,1154,1024,47,0,105,0,3,4,0,0,0,0,105,50
Jefferson-:-00 G011,2583,311,2270,766,1168,0,200,0,0,0,25,0,45,71,207,1227,1696,173,1521,619,760,0,80,0,0,0,25,0,10,39,87,776
Jefferson-:-00 G012,487,69,386,419,0,0,0,0,0,0,0,0,0,0,0,0,403,89,287,305,0,0,0,0,0,0,0,0,0,0,0,0
Jefferson-:-00 G013,574,14,560,232,193,0,46,0,0,0,0,0,0,0,49,198,374,5,369,229,92,0,36,0,0,0,0,0,0,0,36,92
Jefferson-:-00 GI001,882,4,876,852,4,0,0,0,0,0,19,0,0,18,0,4,716,4,711,693,4,0,0,0,0,0,15,0,0,14,0,4
Jefferson-:-00 H001,1490,158,1323,1193,85,0,24,0,0,0,1,1,0,1,20,79,1226,53,1174,1068,82,0,12,0,0,0,1,1,0,1,10,81
Jefferson-:-00 H002,630,0,632,632,0,0,0,0,0,0,0,0,0,0,0,0,521,0,522,522,0,0,0,0,0,0,0,0,0,0,0,0
Jefferson-:-00 H003,965,100,865,815,45,0,0,0,0,0,0,0,0,0,0,45,840,70,770,725,45,0,0,0,0,0,0,0,0,0,0,45
Jefferson-:-00 H004,1709,153,1554,1555,11,0,10,0,0,0,7,0,0,6,13,8,1464,102,1361,1358,6,0,8,0,0,0,5,0,0,5,10,6
Jefferson-:-00 H005,472,78,396,389,4,0,13,0,0,0,0,0,0,0,10,7,408,59,351,346,3,0,13,0,0,0,0,0,0,1,10,5
Jefferson-:-00 H006,675,97,577,564,9,0,5,0,0,0,4,0,0,5,7,11,558,66,492,477,7,0,6,0,0,0,6,0,0,6,8,7
Jefferson-:-00 H007,693,0,698,703,0,0,0,0,0,0,0,0,0,0,0,0,603,0,608,613,0,0,0,0,0,0,0,0,0,0,0,0
Jefferson-:-00 H008,1263,51,1211,1208,1,0,0,0,0,0,0,0,0,0,0,1,1074,30,1044,1039,1,0,0,0,0,0,0,0,0,0,0,1
Jefferson-:-00 H009,801,96,706,703,3,0,0,0,0,0,0,0,0,0,0,3,638,43,589,594,3,0,0,0,0,0,0,0,0,0,0,3
Jefferson-:-00 K001,1590,220,1370,1170,125,15,55,0,0,0,0,0,0,15,55,125,1245,195,1050,870,125,10,50,0,0,0,0,0,0,10,50,125
Jefferson-:-00 K002,2320,595,1720,1260,265,0,200,0,0,0,4,0,0,4,200,265,1985,350,1640,1195,240,0,200,0,0,0,4,0,0,4,200,240
Jefferson-:-00 K003,2734,631,1998,1281,325,0,125,0,0,166,8,0,0,7,121,566,1890,510,1325,977,273,0,40,0,0,0,7,0,0,8,39,271
Jefferson-:-00 K004,3435,547,2889,1830,553,0,133,0,0,0,4,0,0,350,131,939,2364,428,1931,1378,349,0,73,0,0,0,4,0,0,123,74,483
Jefferson-:-00 K005,1625,13,1613,1373,2,0,91,0,105,0,0,21,390,44,107,6,1374,11,1365,1161,1,0,88,0,105,0,0,7,135,16,93,2
Jefferson-:-00 K006A,1665,150,1510,1280,195,0,35,0,0,0,0,0,0,0,35,195,1340,115,1225,1030,160,0,35,0,0,0,0,0,0,0,35,160
Jefferson-:-00 K006B,1295,130,1165,530,430,0,100,0,0,0,110,0,0,110,100,430,1070,80,990,460,320,0,100,0,0,0,110,0,0,110,100,320
Jefferson-:-00 K007A,1645,180,1465,1000,215,0,75,0,175,0,0,0,0,0,75,215,1235,75,1160,870,215,0,75,0,0,0,0,0,0,0,75,215
Jefferson-:-00 K007B,2090,490,1600,1320,235,0,40,0,0,4,0,0,0,0,40,239,1670,340,1335,1055,235,0,40,0,0,4,0,0,0,0,40,239
Jefferson-:-00 K008,2495,510,1985,1570,275,4,35,30,0,0,0,75,0,4,110,275,1910,245,1665,1310,275,4,35,30,0,0,0,10,0,4,45,275
Jefferson-:-00 K009,960,140,820,395,55,0,205,0,0,55,0,115,0,0,320,110,820,95,725,380,55,0,205,0,0,35,0,50,0,0,255,90
Jefferson-:-00 K010,1190,165,1025,505,335,0,175,0,0,0,0,10,0,0,185,335,965,135,830,455,200,0,175,0,0,0,0,0,0,0,175,200
Jefferson-:-00 K011,895,60,835,820,0,0,0,0,0,15,4,0,0,4,0,15,795,60,735,735,0,0,0,0,0,0,4,0,0,4,0,0
Jefferson-:-00 K012,2121,23,2093,1957,94,0,33,0,0,0,4,4,0,4,43,95,1463,22,1440,1360,38,0,33,0,0,0,4,15,0,4,44,38
Jefferson-:-00 K013A,845,50,795,630,130,0,0,0,0,15,20,0,0,20,0,145,675,50,630,460,130,0,0,0,0,15,20,0,0,20,0,145
Jefferson-:-00 K013B,1655,905,750,380,365,0,0,0,0,0,0,0,0,0,0,365,990,415,575,225,350,0,0,0,0,0,0,0,0,0,0,350
Jefferson-:-00 K014,3325,1230,2095,1425,635,0,20,0,0,4,0,10,0,0,30,639,2840,1135,1695,1175,485,0,20,0,0,4,0,10,0,0,30,489
Jefferson-:-00 K015,1445,220,1225,740,80,0,380,0,0,15,10,0,0,10,380,95,1165,155,1010,530,80,0,375,0,0,15,10,0,0,10,375,95
Jefferson-:-00 K016,1710,520,1190,920,230,0,40,0,0,0,0,0,0,0,40,230,1280,255,1020,830,155,0,40,0,0,0,0,0,0,0,40,155
Jefferson-:-00 K017,1989,270,1741,1417,201,0,150,0,0,0,0,0,0,0,150,200,1597,242,1378,1141,175,0,75,0,0,0,0,0,0,0,75,175
Jefferson-:-00 K018,441,90,329,253,49,0,0,0,0,0,0,0,0,0,0,50,293,63,212,179,20,0,0,0,0,0,0,0,0,0,0,20
Jefferson-:-00 K019,1750,184,1576,1335,79,36,108,0,39,0,0,0,0,34,118,78,1383,136,1264,1057,60,32,105,0,23,0,0,0,0,29,107,60
Jefferson-:-00 K020,2626,707,1912,1330,377,4,127,0,16,0,0,35,0,6,151,379,1838,283,1532,1045,328,3,85,0,12,0,0,35,0,6,118,328
Jefferson-:-00 K021,1034,30,1008,58,956,0,0,0,0,0,0,0,0,0,0,956,624,30,593,46,550,0,0,0,0,0,0,0,0,0,0,551
Jefferson-:-00 K022,706,0,702,52,649,0,0,0,0,0,0,0,0,0,0,649,496,0,492,49,440,0,0,0,0,0,0,0,0,0,0,439
Jefferson-:-00 K023,2184,819,1354,324,1031,0,0,0,0,10,0,0,0,0,0,1040,1429,388,1031,287,735,0,0,0,0,10,0,0,0,0,0,745
Jefferson-:-00 K024,1091,376,721,31,649,40,0,0,0,0,0,0,0,40,0,650,551,102,449,18,420,10,0,0,0,0,0,0,0,10,0,420
Jefferson-:-00 K025,2489,534,1953,1436,443,4,20,0,0,4,45,0,4,53,21,450,2016,339,1677,1232,379,4,20,0,0,4,45,0,4,53,20,387
Jefferson-:-00 K026,1017,77,947,328,622,0,0,0,0,4,0,0,7,0,0,642,797,54,745,263,474,0,0,0,0,4,0,0,8,0,0,497
Jefferson-:-00 K027,1372,210,1148,936,100,10,0,0,0,18,30,0,0,40,10,128,1051,178,874,699,100,10,0,0,0,0,30,0,0,40,4,97
Jefferson-:-00 K028,718,128,596,506,62,0,0,0,0,40,4,45,0,4,36,84,648,113,535,469,62,0,0,0,0,6,4,30,0,4,26,66
Jefferson-:-00 K029,1307,328,971,853,98,4,7,0,0,30,7,0,0,10,7,128,1032,212,818,708,87,0,9,0,0,30,6,0,0,7,9,117
Jefferson-:-00 K030,971,262,705,512,149,0,3,0,0,0,2,0,0,4,3,147,636,150,485,322,131,0,1,0,0,0,3,0,0,3,1,131
Jefferson-:-00 K031,1079,36,1035,170,802,0,0,0,0,26,0,0,17,25,0,842,775,17,752,108,590,0,0,0,0,24,0,0,16,25,0,626
Jefferson-:-00 K033,994,16,988,287,686,0,0,0,0,15,0,0,1,0,0,696,778,9,773,159,601,0,0,0,0,17,0,0,1,0,0,612
Jefferson-:-00 K034,1746,334,1522,1134,265,0,35,0,0,179,7,0,0,8,39,369,1275,270,1065,843,222,0,15,0,0,0,8,0,0,7,16,224
Jefferson-:-00 K035,865,170,700,620,70,0,0,0,0,0,0,0,4,4,0,74,785,135,650,580,65,0,0,0,0,0,0,0,4,4,0,69
Jefferson-:-00 L001,2515,70,2445,2290,0,25,10,0,35,10,25,55,0,50,65,10,1845,20,1830,1735,0,20,10,0,15,0,25,25,0,45,35,0
Jefferson-:-00 W001,1111,46,1143,492,460,0,2,0,0,0,20,0,0,25,3,463,669,6,755,341,292,0,2,0,0,0,20,0,0,24,4,292
Jefferson-:-00 W002,385,1,396,67,323,8,0,0,0,0,0,0,0,6,0,318,299,1,304,57,232,7,0,0,0,0,0,0,0,5,0,233
Jefferson-:-00 W003,861,3,853,736,104,2,0,0,0,0,0,0,0,8,0,107,816,3,796,709,85,3,0,0,0,0,0,0,0,10,0,85
Jefferson-:-00 W004,733,0,732,601,79,0,0,0,0,0,50,0,0,58,0,80,649,0,662,553,59,0,0,0,0,0,75,0,0,70,0,57
Jefferson-:-00 W005,2141,80,2065,1789,319,15,18,0,0,0,25,0,0,27,17,324,1843,15,1826,1533,316,15,18,0,0,0,0,0,0,14,16,319
Jefferson-:-00 W006,1400,108,1292,653,543,25,80,0,0,0,0,0,0,25,80,542,1140,109,1036,534,454,25,25,0,0,0,0,0,0,25,25,454
Jefferson-:-00 W007,1975,107,1868,1232,382,0,250,0,0,0,0,0,0,0,250,383,1715,86,1629,1106,271,0,250,0,0,0,0,0,0,0,250,271
Jefferson-:-ZZZZZZ,0,0,0,0,0,0,0,0,0,0,0,0,0,0,0,0,0,0,0,0,0,0,0,0,0,0,0,0,0,0,0,0
