COUNTY,Precinct,Council Member -- District  3-:-Peter Soprano (IND),Council Member -- District  3-:-Rodney Olander (REP),"Council Member -- District  5-:-Douglas Streety, Jr. (REP)","Council Member -- District  5-:-Leslie ""Les"" Rulf (REP)","Council Member -- District  8-:-Carlo Gagliano, Jr. (NOPTY)",Council Member -- District  8-:-Mark A. Duhon (NOPTY)
St. Mary,00 01,2,60,0,0,0,0
St. Mary,00 06A,52,47,0,0,0,0
St. Mary,00 07,9,27,0,0,0,0
St. Mary,00 08,0,0,0,0,0,0
St. Mary,00 09,69,67,0,0,0,0
St. Mary,00 11,29,28,0,0,0,0
St. Mary,00 14,122,111,0,0,0,0
St. Mary,00 17,102,81,0,0,0,0
St. Mary,00 19,149,208,0,0,0,0
St. Mary,00 21,51,89,0,0,0,0
St. Mary,00 22,0,0,128,145,0,0
St. Mary,00 23,0,0,31,39,0,0
St. Mary,00 25,0,0,61,101,0,0
St. Mary,00 26,0,0,142,128,0,0
St. Mary,00 27,0,0,60,80,0,0
St. Mary,00 40,0,0,0,0,34,50
St. Mary,00 41,0,0,0,0,160,101
St. Mary,00 42,0,0,0,0,20,75
St. Mary,00 43,0,0,0,0,35,85
St. Mary,00 44,0,0,0,0,5,73
St. Mary,00 45,0,0,0,0,99,215
