COUNTY,Precinct,"Councilman -- District D-:-Andrew Hunt, Jr. (REP)",Councilman -- District D-:-Ryan Randall (REP),Parish President-:-Louis Pomes (REP),Parish President-:-Wayne J. Landry (REP)
St. Bernard,00 10,0,0,148,87
St. Bernard,00 11,0,0,244,69
St. Bernard,00 12,0,0,129,87
St. Bernard,00 13,0,0,270,131
St. Bernard,00 14,0,0,202,78
St. Bernard,00 15,0,0,94,67
St. Bernard,00 20,0,0,131,80
St. Bernard,00 21,0,0,127,87
St. Bernard,00 22,0,0,131,64
St. Bernard,00 23,0,0,19,16
St. Bernard,00 24,0,0,248,135
St. Bernard,00 25,0,0,141,91
St. Bernard,00 30,0,0,195,136
St. Bernard,00 31,0,0,195,113
St. Bernard,00 32,0,0,359,278
St. Bernard,00 33,0,0,218,118
St. Bernard,00 34,0,0,61,29
St. Bernard,00 40,0,0,40,18
St. Bernard,00 41,145,331,260,205
St. Bernard,00 42,201,265,265,205
St. Bernard,00 42A,158,335,190,278
St. Bernard,00 43,100,191,122,156
St. Bernard,00 44,124,86,157,107
St. Bernard,00 45,99,51,91,82
St. Bernard,00 46,75,149,115,109
St. Bernard,00 50,0,0,279,202
St. Bernard,00 51,0,0,131,175
St. Bernard,00 52,0,0,206,322
St. Bernard,00 53,0,0,101,118
St. Bernard,00 54,0,0,204,245
St. Bernard,00 55,0,0,298,493
